recipe_name,meal_category,yield_quantity,cuisine,suitable_nationalities,ingredients_count,ingredients,verification_status,source_authority,source_url,last_verified_on,source_notes
أبما سميد هندي,إفطار / Breakfast,100,هندي / Indian,الهند,6,سميد:14 | بصل:3 | جزر:3 | بازلاء مجمدة:3 | زيت نباتي:1.5 | شاي:300,تشغيلي داخلي / Internal Operational,WAFD ONE — operational reference,,,مرجع تشغيلي داخلي.
أدوبو دجاج فلبيني,غداء / Lunch,100,فلبيني / Filipino,الفلبين,6,دجاج كامل مبرد:45 | صلصة صويا:4 | خل:3 | ثوم:1.5 | فلفل أسود:0.3 | أرز ياسمين:17,تشغيلي داخلي / Internal Operational,WAFD ONE — operational reference,,,مرجع تشغيلي داخلي.
أرز أبيض بالشعيرية,غداء / Lunch,100,عام / General,جميع البعثات,4,أرز بسمتي:18 | شعيرية:2 | زيت نباتي:2 | ملح:0.6,تشغيلي داخلي / Internal Operational,WAFD ONE — operational reference,,,مرجع تشغيلي داخلي.
أرز أوزبكي بلوف,غداء / Lunch,100,أوزبكي / Uzbek,أوزبكستان، طاجيكستان، كازاخستان، قرغيزستان، تركمانستان,6,أرز بسمتي:18 | لحم بقري:24 | جزر:7 | بصل:5 | زيت نباتي:3 | كمون:0.35,رسمي موثق / Official Verified,Uzbekistan Travel — official tourism portal,https://uzbekistan.travel/en/c/uzbek-cuisine/,2026-08-09,اسم الطبق/النمط مرجعي؛ كميات 100 حصة هي معيار تشغيلي داخلي لـ WAFD وتحتاج اعتماد الشيف والبعثة قبل الإنتاج.
أرز أوزي تركي,غداء / Lunch,100,تركي / Turkish,تركيا,6,أرز بسمتي:18 | لحم مفروم:15 | بازلاء مجمدة:4 | جزر:4 | زبيب:1.5 | لوز:1.2,تشغيلي داخلي / Internal Operational,WAFD ONE — operational reference,,,مرجع تشغيلي داخلي.
أرز إندونيسي بالدجاج,غداء / Lunch,100,عام / General,جميع البعثات,7,أرز ياسمين:18 | صدور دجاج:22 | صلصة صويا:3 | بصل:3 | ثوم:1 | جزر:3 | فلفل رومي:2,تشغيلي داخلي / Internal Operational,WAFD ONE — operational reference,,,مرجع تشغيلي داخلي.
أرز بخاري بالدجاج,غداء / Lunch,100,عام / General,جميع البعثات,7,أرز بسمتي:18 | دجاج كامل مبرد:50 | جزر:4 | بصل:4 | معجون طماطم:2 | زيت نباتي:3 | بهارات مشكلة:0.5,تشغيلي داخلي / Internal Operational,WAFD ONE — operational reference,,,مرجع تشغيلي داخلي.
أرز برغل,غداء / Lunch,100,تركي,بعثات تركي,7,أرز بسمتي:16 | دجاج كامل مبرد:45 | بصل:4 | طماطم:4 | زيت نباتي:2 | ملح:0.6 | بهارات مشكلة:0.5,تشغيلي داخلي / Internal Operational,WAFD ONE — operational reference,,,مرجع تشغيلي داخلي.
أرز تركي بالدجاج,غداء / Lunch,100,عام / General,جميع البعثات,6,أرز بسمتي:18 | دجاج كامل مبرد:45 | معجون طماطم:2 | بصل:4 | فلفل رومي:3 | زيت نباتي:2,تشغيلي داخلي / Internal Operational,WAFD ONE — operational reference,,,مرجع تشغيلي داخلي.
أرز تونسي بالدجاج,غداء / Lunch,100,مغاربي,بعثات مغاربي,7,أرز بسمتي:16 | دجاج كامل مبرد:45 | بصل:4 | طماطم:4 | زيت نباتي:2 | ملح:0.6 | بهارات مشكلة:0.5,تشغيلي داخلي / Internal Operational,WAFD ONE — operational reference,,,مرجع تشغيلي داخلي.
أرز جوز الهند,غداء / Lunch,100,إندونيسي,بعثات إندونيسي,7,أرز بسمتي:16 | دجاج كامل مبرد:45 | بصل:4 | طماطم:4 | زيت نباتي:2 | ملح:0.6 | بهارات مشكلة:0.5,تشغيلي داخلي / Internal Operational,WAFD ONE — operational reference,,,مرجع تشغيلي داخلي.
أرز جولوف بالدجاج,غداء / Lunch,100,غرب أفريقي / West African,نيجيريا، غانا، السنغال، غينيا، ساحل العاج,7,أرز بسمتي:18 | دجاج كامل مبرد:42 | طماطم:7 | فلفل رومي:4 | بصل:5 | معجون طماطم:3 | فلفل حار:0.4,يحتاج مراجعة / Needs Review,Peer-reviewed Nigerian cuisine overview / ScienceDirect,https://www.sciencedirect.com/science/article/pii/S1878450X26001526,2026-08-09,المصدر يثبت اسم/هوية الطبق؛ صيغة وكميات WAFD التشغيلية مستقلة وتحتاج اعتماداً تشغيلياً.
أرز جولوف باللحم,غداء / Lunch,100,أفريقي,بعثات أفريقي,7,أرز بسمتي:16 | دجاج كامل مبرد:45 | بصل:4 | طماطم:4 | زيت نباتي:2 | ملح:0.6 | بهارات مشكلة:0.5,تشغيلي داخلي / Internal Operational,WAFD ONE — operational reference,,,مرجع تشغيلي داخلي.
أرز صومالي بالدجاج,غداء / Lunch,100,صومالي / Somali,الصومال، جيبوتي,6,أرز بسمتي:18 | دجاج كامل مبرد:45 | زبيب:2 | قرفة:0.12 | هيل:0.08 | بصل:4,تشغيلي داخلي / Internal Operational,WAFD ONE — operational reference,,,مرجع تشغيلي داخلي.
أرز لزج بالدجاج,غداء / Lunch,100,آسيوي,بعثات آسيوي,7,أرز بسمتي:16 | دجاج كامل مبرد:45 | بصل:4 | طماطم:4 | زيت نباتي:2 | ملح:0.6 | بهارات مشكلة:0.5,تشغيلي داخلي / Internal Operational,WAFD ONE — operational reference,,,مرجع تشغيلي داخلي.
أرز مقلي بالخضار,غداء / Lunch,100,آسيوي,بعثات آسيوي,7,أرز بسمتي:16 | دجاج كامل مبرد:45 | بصل:4 | طماطم:4 | زيت نباتي:2 | ملح:0.6 | بهارات مشكلة:0.5,تشغيلي داخلي / Internal Operational,WAFD ONE — operational reference,,,مرجع تشغيلي داخلي.
أرز مقلي بالروبيان,غداء / Lunch,100,آسيوي / Asian,الصين، ماليزيا، سنغافورة,6,أرز ياسمين:18 | روبيان:16 | بيض:50 | بازلاء مجمدة:3 | جزر:3 | صلصة صويا:3,تشغيلي داخلي / Internal Operational,WAFD ONE — operational reference,,,مرجع تشغيلي داخلي.
أرز وصلصة الفول السوداني,غداء / Lunch,100,غرب أفريقي / West African,مالي، السنغال، موريتانيا، غينيا، ساحل العاج,6,أرز بسمتي:17 | لحم بقري:20 | زبدة فول سوداني:6 | طماطم:4 | بصل:4 | جزر:3,تشغيلي داخلي / Internal Operational,WAFD ONE — operational reference,,,اسم الطبق/النمط مرجعي؛ كميات 100 حصة هي معيار تشغيلي داخلي لـ WAFD وتحتاج اعتماد الشيف والبعثة قبل الإنتاج.
أرز وفاصوليا نيجيري,غداء / Lunch,100,نيجيري / Nigerian,نيجيريا، غانا,5,أرز بسمتي:14 | لوبيا:10 | طماطم:4 | بصل:3 | زيت نباتي:2,تشغيلي داخلي / Internal Operational,WAFD ONE — operational reference,,,مرجع تشغيلي داخلي.
أرز وكاري بنغلاديشي,غداء / Lunch,100,بنغلاديشي / Bangladeshi,بنغلاديش,6,أرز بسمتي:17 | صدور دجاج:22 | عدس أحمر:6 | جزر:4 | طماطم:4 | كاري بودرة:0.6,رسمي موثق / Official Verified,Bangladesh Tourism Board,https://tourismboard.gov.bd/sites/default/files/files/tourismboard.portal.gov.bd/page/aa3dacc5_f200_47c7_8445_12aff09f9450/BTB%20Tourist%20Handbook%20%281%29.pdf,2026-08-09,اسم الطبق/النمط مرجعي؛ كميات 100 حصة هي معيار تشغيلي داخلي لـ WAFD وتحتاج اعتماد الشيف والبعثة قبل الإنتاج.
أرز وكاري سريلانكي,غداء / Lunch,100,سريلانكي / Sri Lankan,سريلانكا,6,أرز بسمتي:17 | صدور دجاج:20 | حليب جوز الهند:8 | كاري بودرة:0.7 | عدس أحمر:5 | جزر:4,رسمي موثق / Official Verified,Sri Lanka Tourism,https://srilanka.travel/food,2026-08-09,اسم الطبق/النمط مرجعي؛ كميات 100 حصة هي معيار تشغيلي داخلي لـ WAFD وتحتاج اعتماد الشيف والبعثة قبل الإنتاج.
أرز ولحم غنم,غداء / Lunch,100,عام / General,جميع البعثات,7,أرز بسمتي:18 | لحم غنم:30 | بصل:4 | طماطم:3 | زيت نباتي:2 | بهارات مشكلة:0.5 | ملح:0.7,تشغيلي داخلي / Internal Operational,WAFD ONE — operational reference,,,مرجع تشغيلي داخلي.
ألو غوبي,عشاء / Dinner,100,هندي / Indian,الهند,6,بطاطس:14 | قرنبيط:12 | بصل:3 | طماطم:3 | كركم:0.2 | كمون:0.2,تشغيلي داخلي / Internal Operational,WAFD ONE — operational reference,,,مرجع تشغيلي داخلي.
أيام جورينج,غداء / Lunch,100,إندونيسي,بعثات إندونيسي,7,أرز بسمتي:16 | دجاج كامل مبرد:45 | بصل:4 | طماطم:4 | زيت نباتي:2 | ملح:0.6 | بهارات مشكلة:0.5,تشغيلي داخلي / Internal Operational,WAFD ONE — operational reference,,,مرجع تشغيلي داخلي.
أيام غورينغ,غداء / Lunch,100,إندونيسي / Indonesian,إندونيسيا,6,دجاج كامل مبرد:45 | صلصة صويا:3 | ثوم:1 | زنجبيل:0.8 | زيت نباتي:2 | أرز ياسمين:17,رسمي موثق / Official Verified,Indonesia Travel — official tourism portal,https://www.indonesia.travel/sa/ar/travel-ideas/gastronomy/the-ultimate-guide-to-must-try-indonesian-food,2026-08-09,اسم الطبق/النمط مرجعي؛ كميات 100 حصة هي معيار تشغيلي داخلي لـ WAFD وتحتاج اعتماد الشيف والبعثة قبل الإنتاج.
إسكندر دجاج,غداء / Lunch,100,تركي / Turkish,تركيا,5,صدور دجاج:24 | خبز عربي:100 | زبادي:15 | معجون طماطم:3 | زبدة:2,تشغيلي داخلي / Internal Operational,WAFD ONE — operational reference,,,مرجع تشغيلي داخلي.
إفطار آسيوي,إفطار / Breakfast,100,عام / General,جميع البعثات,6,أرز ياسمين:12 | بيض:100 | صدور دجاج:12 | صلصة صويا:2 | خيار:4 | شاي:300,تشغيلي داخلي / Internal Operational,WAFD ONE — operational reference,,,مرجع تشغيلي داخلي.
إفطار أفريقي,إفطار / Breakfast,100,أفريقي / African,نيجيريا، غانا، كينيا، تنزانيا، إثيوبيا,6,فول:12 | بيض:100 | خبز توست:120 | موز:12 | شاي:300 | حليب:15,تشغيلي داخلي / Internal Operational,WAFD ONE — operational reference,,,مرجع تشغيلي داخلي.
إفطار إندونيسي ماليزي,إفطار / Breakfast,100,جنوب شرق آسيوي / Southeast Asian,إندونيسيا، ماليزيا، سنغافورة,6,أرز ياسمين:12 | بيض:100 | صدور دجاج:10 | خيار:4 | صلصة صويا:2 | شاي:300,تشغيلي داخلي / Internal Operational,WAFD ONE — operational reference,,,مرجع تشغيلي داخلي.
إفطار تركي,إفطار / Breakfast,100,تركي / Turkish,تركيا، البوسنة، ألبانيا,6,بيض:100 | جبنة فيتا:6 | خيار:5 | طماطم:5 | خبز عربي:120 | شاي:300,تشغيلي داخلي / Internal Operational,WAFD ONE — operational reference,,,مرجع تشغيلي داخلي.
إفطار جنوب آسيوي,إفطار / Breakfast,100,جنوب آسيوي / South Asian,الهند، باكستان، بنغلاديش، سريلانكا، نيبال,6,بيض:100 | فول:10 | خبز نان:100 | شاي:300 | حليب:15 | موز:12,تشغيلي داخلي / Internal Operational,WAFD ONE — operational reference,,,مرجع تشغيلي داخلي.
إفطار رمضان آسيوي,إفطار رمضان / Ramadan Iftar,100,آسيوي / Asian,إندونيسيا، ماليزيا، سنغافورة، تايلاند، الفلبين,6,تمر سكري:2.5 | ماء 330 مل:100 | أرز ياسمين:14 | صدور دجاج:18 | خيار:4 | عصير 200 مل:100,تشغيلي داخلي / Internal Operational,WAFD ONE — operational reference,,,اسم الطبق/النمط مرجعي؛ كميات 100 حصة هي معيار تشغيلي داخلي لـ WAFD وتحتاج اعتماد الشيف والبعثة قبل الإنتاج.
إفطار رمضان اقتصادي,إفطار رمضان / Ramadan Iftar,100,عام / General,جميع البعثات,6,تمر سكري:2.5 | ماء 330 مل:100 | لبن:100 | خبز عربي:100 | منديل معطر:100 | علبة إفطار صائم:100,تشغيلي داخلي / Internal Operational,WAFD ONE — operational reference,,,اسم الطبق/النمط مرجعي؛ كميات 100 حصة هي معيار تشغيلي داخلي لـ WAFD وتحتاج اعتماد الشيف والبعثة قبل الإنتاج.
إفطار رمضان عربي,إفطار رمضان / Ramadan Iftar,100,عربي / Arabic,البعثات العربية,6,تمر سكري:2.5 | ماء 330 مل:100 | لبن:100 | حمص حب:8 | خبز عربي:120 | سمبوسة خضار:100,تشغيلي داخلي / Internal Operational,WAFD ONE — operational reference,,,اسم الطبق/النمط مرجعي؛ كميات 100 حصة هي معيار تشغيلي داخلي لـ WAFD وتحتاج اعتماد الشيف والبعثة قبل الإنتاج.
إفطار رمضان فاخر,إفطار رمضان / Ramadan Iftar,100,عام / General,جميع البعثات,7,تمر عجوة:2.5 | ماء 330 مل:100 | لبن:100 | سمبوسة لحم:100 | عصير برتقال 200 مل:100 | كيك فردي:100 | علبة إفطار صائم:100,تشغيلي داخلي / Internal Operational,WAFD ONE — operational reference,,,اسم الطبق/النمط مرجعي؛ كميات 100 حصة هي معيار تشغيلي داخلي لـ WAFD وتحتاج اعتماد الشيف والبعثة قبل الإنتاج.
إفطار رمضان قياسي,إفطار رمضان / Ramadan Iftar,100,عام / General,جميع البعثات,6,تمر سكري:2.5 | ماء 330 مل:100 | لبن:100 | سمبوسة خضار:100 | عصير 200 مل:100 | علبة إفطار صائم:100,تشغيلي داخلي / Internal Operational,WAFD ONE — operational reference,,,اسم الطبق/النمط مرجعي؛ كميات 100 حصة هي معيار تشغيلي داخلي لـ WAFD وتحتاج اعتماد الشيف والبعثة قبل الإنتاج.
إفطار عربي فندقي,إفطار / Breakfast,100,عام / General,جميع البعثات,7,بيض:100 | فول:12 | لبنة:5 | جبنة شرائح:100 | خبز عربي:120 | شاي:300 | ماء 330 مل:100,تشغيلي داخلي / Internal Operational,WAFD ONE — operational reference,,,مرجع تشغيلي داخلي.
إمام بايلدي,غداء / Lunch,100,تركي,بعثات تركي,7,أرز بسمتي:16 | دجاج كامل مبرد:45 | بصل:4 | طماطم:4 | زيت نباتي:2 | ملح:0.6 | بهارات مشكلة:0.5,تشغيلي داخلي / Internal Operational,WAFD ONE — operational reference,,,مرجع تشغيلي داخلي.
إنجيرا يخنة دجاج,غداء / Lunch,100,شرق أفريقي / East African,إثيوبيا، إريتريا، جيبوتي، الصومال,6,دقيق أبيض:15 | صدور دجاج:22 | بصل:6 | طماطم:4 | بابريكا:0.5 | فلفل حار:0.3,تشغيلي داخلي / Internal Operational,WAFD ONE — operational reference,,,مرجع تشغيلي داخلي.
باراثا وبيض,إفطار / Breakfast,100,جنوب آسيوي / South Asian,الهند، باكستان، بنغلاديش,5,دقيق أبيض:14 | بيض:100 | زيت نباتي:2 | شاي:300 | حليب:15,تشغيلي داخلي / Internal Operational,WAFD ONE — operational reference,,,مرجع تشغيلي داخلي.
بالاك دجاج,غداء / Lunch,100,هندي / Indian,الهند,6,صدور دجاج:23 | سبانخ:12 | بصل:4 | طماطم:3 | ثوم:1 | جارام ماسالا:0.5,تشغيلي داخلي / Internal Operational,WAFD ONE — operational reference,,,مرجع تشغيلي داخلي.
بالاليط خليجي,إفطار / Breakfast,100,خليجي / Gulf,الإمارات العربية المتحدة، قطر، البحرين، الكويت، سلطنة عُمان,6,شعيرية:12 | بيض:100 | سكر:4 | هيل مطحون:0.08 | زعفران:2 | زيت نباتي:1.5,رسمي موثق / Official Verified,Visit Qatar — official tourism portal,https://visitqatar.com/intl-en/about-qatar/cuisine,2026-08-09,اسم الطبق/النمط مرجعي؛ كميات 100 حصة هي معيار تشغيلي داخلي لـ WAFD وتحتاج اعتماد الشيف والبعثة قبل الإنتاج.
بامية باللحم,غداء / Lunch,100,مصري / Egyptian,مصر، السودان,6,بامية:14 | لحم بقري:20 | طماطم:5 | بصل:3 | ثوم:0.8 | أرز مصري:17,تشغيلي داخلي / Internal Operational,WAFD ONE — operational reference,,,مرجع تشغيلي داخلي.
برياني دجاج هندي,غداء / Lunch,100,عام / General,جميع البعثات,8,أرز بسمتي:18 | دجاج كامل مبرد:45 | زبادي:20 | بصل:5 | طماطم:4 | زيت نباتي:3 | كركم:0.25 | بهارات مشكلة:0.7,تشغيلي داخلي / Internal Operational,WAFD ONE — operational reference,,,مرجع تشغيلي داخلي.
برياني سندي,غداء / Lunch,100,باكستاني / Pakistani,باكستان,6,أرز بسمتي:18 | دجاج كامل مبرد:42 | زبادي:10 | طماطم:4 | بصل:5 | بهارات برياني:0.8,رسمي موثق / Official Verified,National Register of Intangible Cultural Heritage — Pakistan,https://heritage.pakistan.gov.pk/SiteImage/Misc/files/ICH%20Pakistan%20Low.pdf,2026-08-09,اسم الطبق/النمط مرجعي؛ كميات 100 حصة هي معيار تشغيلي داخلي لـ WAFD وتحتاج اعتماد الشيف والبعثة قبل الإنتاج.
برياني لحم,غداء / Lunch,100,هندي,بعثات هندي,7,أرز بسمتي:16 | دجاج كامل مبرد:45 | بصل:4 | طماطم:4 | زيت نباتي:2 | ملح:0.6 | بهارات مشكلة:0.5,تشغيلي داخلي / Internal Operational,WAFD ONE — operational reference,,,مرجع تشغيلي داخلي.
برياني لحم باكستاني,غداء / Lunch,100,باكستاني / Pakistani,باكستان,7,أرز بسمتي:18 | لحم بقري:25 | زبادي:10 | بصل:5 | طماطم:4 | بهارات برياني:0.8 | زيت نباتي:2,رسمي موثق / Official Verified,Pakistan Tourism Development Corporation,https://tourism.gov.pk/pakistan.html,2026-08-09,اسم الطبق/النمط مرجعي؛ كميات 100 حصة هي معيار تشغيلي داخلي لـ WAFD وتحتاج اعتماد الشيف والبعثة قبل الإنتاج.
بطاطس ودجاج بالفرن,غداء / Lunch,100,أوروبي,بعثات أوروبي,7,أرز بسمتي:16 | دجاج كامل مبرد:45 | بصل:4 | طماطم:4 | زيت نباتي:2 | ملح:0.6 | بهارات مشكلة:0.5,تشغيلي داخلي / Internal Operational,WAFD ONE — operational reference,,,مرجع تشغيلي داخلي.
بلوف أوزبكي,غداء / Lunch,100,أوزبكي / Uzbek,أوزبكستان، طاجيكستان، كازاخستان، قرغيزستان,6,أرز بسمتي:18 | لحم بقري:24 | جزر:7 | بصل:5 | زيت نباتي:3 | كمون:0.35,رسمي موثق / Official Verified,Uzbekistan Travel — official tourism portal,https://uzbekistan.travel/en/c/uzbek-cuisine/,2026-08-09,المصدر يثبت اسم/هوية الطبق؛ صيغة وكميات WAFD التشغيلية مستقلة وتحتاج اعتماداً تشغيلياً.
بوفيه عالمي أساسي,بوفيه / Buffet,100,عام / General,جميع البعثات,8,أرز بسمتي:12 | صدور دجاج:20 | لحم بقري:15 | سمك فيليه:12 | مكرونة:10 | بطاطس:10 | عصير 200 مل:100 | ماء 330 مل:100,تشغيلي داخلي / Internal Operational,WAFD ONE — operational reference,,,مرجع تشغيلي داخلي.
بوفيه عالمي فاخر,بوفيه / Buffet,100,موسمي / Seasonal,جميع البعثات,7,أرز بسمتي:16 | دجاج كامل مبرد:45 | بصل:4 | طماطم:4 | زيت نباتي:2 | ملح:0.6 | بهارات مشكلة:0.5,تشغيلي داخلي / Internal Operational,WAFD ONE — operational reference,,,مرجع تشغيلي داخلي.
بوفيه عربي أساسي,بوفيه / Buffet,100,عام / General,جميع البعثات,9,أرز بسمتي:18 | دجاج كامل مبرد:40 | لحم غنم:12 | مكرونة:8 | خيار:6 | طماطم:6 | حمص حب:5 | عصير 200 مل:100 | ماء 330 مل:100,تشغيلي داخلي / Internal Operational,WAFD ONE — operational reference,,,مرجع تشغيلي داخلي.
بوفيه عربي فاخر,بوفيه / Buffet,100,موسمي / Seasonal,جميع البعثات,7,أرز بسمتي:16 | دجاج كامل مبرد:45 | بصل:4 | طماطم:4 | زيت نباتي:2 | ملح:0.6 | بهارات مشكلة:0.5,تشغيلي داخلي / Internal Operational,WAFD ONE — operational reference,,,مرجع تشغيلي داخلي.
بولاو دجاج,غداء / Lunch,100,باكستاني,بعثات باكستاني,7,أرز بسمتي:16 | دجاج كامل مبرد:45 | بصل:4 | طماطم:4 | زيت نباتي:2 | ملح:0.6 | بهارات مشكلة:0.5,تشغيلي داخلي / Internal Operational,WAFD ONE — operational reference,,,مرجع تشغيلي داخلي.
بيتو وجوز الهند,إفطار / Breakfast,100,سريلانكي / Sri Lankan,سريلانكا,5,أرز بسمتي:12 | جوز هند مبشور:5 | حليب جوز الهند:5 | سكر:2 | موز:10,رسمي موثق / Official Verified,Sri Lanka Tourism,https://srilanka.travel/food,2026-08-09,اسم الطبق/النمط مرجعي؛ كميات 100 حصة هي معيار تشغيلي داخلي لـ WAFD وتحتاج اعتماد الشيف والبعثة قبل الإنتاج.
بيض وجبنة وخبز,إفطار / Breakfast,100,عام / General,جميع البعثات,5,بيض:100 | جبنة شرائح:100 | خبز عربي:100 | عصير 200 مل:100 | ماء 330 مل:100,تشغيلي داخلي / Internal Operational,WAFD ONE — operational reference,,,مرجع تشغيلي داخلي.
تشانا بولاو,غداء / Lunch,100,باكستاني,بعثات باكستاني,7,أرز بسمتي:16 | دجاج كامل مبرد:45 | بصل:4 | طماطم:4 | زيت نباتي:2 | ملح:0.6 | بهارات مشكلة:0.5,تشغيلي داخلي / Internal Operational,WAFD ONE — operational reference,,,مرجع تشغيلي داخلي.
تشانا ماسالا,غداء / Lunch,100,هندي / Indian,الهند,6,حمص حب:14 | طماطم:4 | بصل:4 | زنجبيل:0.7 | ثوم:0.7 | جارام ماسالا:0.5,تشغيلي داخلي / Internal Operational,WAFD ONE — operational reference,,,مرجع تشغيلي داخلي.
تشانا مسالا,غداء / Lunch,100,هندي / Indian,الهند، باكستان,6,حمص حب:14 | طماطم:4 | بصل:4 | زنجبيل:0.7 | ثوم:0.7 | جارام ماسالا:0.5,رسمي موثق / Official Verified,Incredible India — Ministry of Tourism,https://www.prod.incredibleindia.gov.in/content/incredible-india-v2/en/destinations/delhi/food-and-cuisine.html,2026-08-09,اسم الطبق/النمط مرجعي؛ كميات 100 حصة هي معيار تشغيلي داخلي لـ WAFD وتحتاج اعتماد الشيف والبعثة قبل الإنتاج.
تشولي بهاتوري,غداء / Lunch,100,هندي / Indian,الهند,6,حمص حب:14 | طماطم:4 | بصل:4 | جارام ماسالا:0.5 | دقيق أبيض:14 | زبادي:6,رسمي موثق / Official Verified,Incredible India — Ministry of Tourism,https://www.prod.incredibleindia.gov.in/content/incredible-india-v2/en/destinations/delhi/food-and-cuisine.html,2026-08-09,اسم الطبق/النمط مرجعي؛ كميات 100 حصة هي معيار تشغيلي داخلي لـ WAFD وتحتاج اعتماد الشيف والبعثة قبل الإنتاج.
تيب بوجين سمك,غداء / Lunch,100,سنغالي / Senegalese,السنغال، موريتانيا,6,سمك فيليه:24 | أرز بسمتي:17 | ملفوف:5 | جزر:4 | معجون طماطم:3 | تمر هندي:1,تشغيلي داخلي / Internal Operational,WAFD ONE — operational reference,,,مرجع تشغيلي داخلي.
ثريد لحم,غداء / Lunch,100,خليجي,بعثات خليجي,7,أرز بسمتي:16 | دجاج كامل مبرد:45 | بصل:4 | طماطم:4 | زيت نباتي:2 | ملح:0.6 | بهارات مشكلة:0.5,تشغيلي داخلي / Internal Operational,WAFD ONE — operational reference,,,مرجع تشغيلي داخلي.
ثيبودين,غداء / Lunch,100,سنغالي / Senegalese,السنغال، موريتانيا,6,سمك فيليه:24 | أرز بسمتي:17 | ملفوف:5 | جزر:4 | معجون طماطم:3 | تمر هندي:1,تشغيلي داخلي / Internal Operational,WAFD ONE — operational reference,,,اسم الطبق/النمط مرجعي؛ كميات 100 حصة هي معيار تشغيلي داخلي لـ WAFD وتحتاج اعتماد الشيف والبعثة قبل الإنتاج.
جريش,غداء / Lunch,100,خليجي,بعثات خليجي,7,أرز بسمتي:16 | دجاج كامل مبرد:45 | بصل:4 | طماطم:4 | زيت نباتي:2 | ملح:0.6 | بهارات مشكلة:0.5,رسمي موثق / Official Verified,Visit Saudi — official tourism portal,https://www.visitsaudi.com/content/dam/saudi-tourism/media/guides/saudi-series-culture-english.pdf,2026-08-09,المصدر يثبت اسم/هوية الطبق؛ صيغة وكميات WAFD التشغيلية مستقلة وتحتاج اعتماداً تشغيلياً.
جولوف رايس,غداء / Lunch,100,غرب أفريقي / West African,نيجيريا، غانا، السنغال، غينيا، ساحل العاج، الكاميرون,7,أرز بسمتي:18 | طماطم:7 | فلفل رومي:4 | بصل:5 | معجون طماطم:3 | فلفل حار:0.4 | زيت نباتي:2,يحتاج مراجعة / Needs Review,Peer-reviewed Nigerian cuisine overview / ScienceDirect,https://www.sciencedirect.com/science/article/pii/S1878450X26001526,2026-08-09,اسم الطبق/النمط مرجعي؛ كميات 100 حصة هي معيار تشغيلي داخلي لـ WAFD وتحتاج اعتماد الشيف والبعثة قبل الإنتاج.
جياوزي دجاج وخضار,عشاء / Dinner,100,صيني / Chinese,الصين,6,دقيق أبيض:14 | صدور دجاج:18 | ملفوف:6 | جزر:3 | صلصة صويا:2 | زنجبيل:0.5,رسمي موثق / Official Verified,Xi'an Municipal Government — Dining,https://en.xa.gov.cn/CultureTravel/Dining/1691691507897716737.html,2026-08-09,اسم الطبق/النمط مرجعي؛ كميات 100 حصة هي معيار تشغيلي داخلي لـ WAFD وتحتاج اعتماد الشيف والبعثة قبل الإنتاج.
حساء فول سوداني,غداء / Lunch,100,أفريقي,بعثات أفريقي,7,أرز بسمتي:16 | دجاج كامل مبرد:45 | بصل:4 | طماطم:4 | زيت نباتي:2 | ملح:0.6 | بهارات مشكلة:0.5,تشغيلي داخلي / Internal Operational,WAFD ONE — operational reference,,,مرجع تشغيلي داخلي.
حليم,عشاء / Dinner,100,جنوب آسيوي / South Asian,باكستان، بنغلاديش، الهند,6,لحم بقري:18 | برغل:6 | عدس أحمر:5 | حمص حب:4 | بصل:4 | زنجبيل:0.6,تشغيلي داخلي / Internal Operational,WAFD ONE — operational reference,,,اسم الطبق/النمط مرجعي؛ كميات 100 حصة هي معيار تشغيلي داخلي لـ WAFD وتحتاج اعتماد الشيف والبعثة قبل الإنتاج.
حليم باكستاني,غداء / Lunch,100,باكستاني,بعثات باكستاني,7,أرز بسمتي:16 | دجاج كامل مبرد:45 | بصل:4 | طماطم:4 | زيت نباتي:2 | ملح:0.6 | بهارات مشكلة:0.5,تشغيلي داخلي / Internal Operational,WAFD ONE — operational reference,,,مرجع تشغيلي داخلي.
حليم دجاج,عشاء / Dinner,100,باكستاني / Pakistani,باكستان، بنغلاديش,6,صدور دجاج:18 | برغل:6 | عدس أحمر:5 | حمص حب:4 | بصل:4 | زنجبيل:0.6,تشغيلي داخلي / Internal Operational,WAFD ONE — operational reference,,,مرجع تشغيلي داخلي.
حمص,غداء / Lunch,100,عام / General,جميع البعثات,5,حمص حب:10 | ليمون:3 | ثوم:0.5 | زيت نباتي:1 | ملح:0.2,تشغيلي داخلي / Internal Operational,WAFD ONE — operational reference,,,مرجع تشغيلي داخلي.
حمص وفلافل,إفطار / Breakfast,100,شامي / Levantine,الأردن، فلسطين، سوريا، لبنان والعامة,7,حمص حب:12 | دقيق حمص:8 | طحينة:4 | بقدونس:2 | بصل:3 | ثوم:0.7 | خبز عربي:120,رسمي موثق / Official Verified,Visit Jordan — official tourism portal,https://edutravel.visitjordan.com/en/page/79/Food-and-Drinks,2026-08-09,اسم الطبق/النمط مرجعي؛ كميات 100 حصة هي معيار تشغيلي داخلي لـ WAFD وتحتاج اعتماد الشيف والبعثة قبل الإنتاج.
خضار تمبيه,غداء / Lunch,100,إندونيسي,بعثات إندونيسي,7,أرز بسمتي:16 | دجاج كامل مبرد:45 | بصل:4 | طماطم:4 | زيت نباتي:2 | ملح:0.6 | بهارات مشكلة:0.5,تشغيلي داخلي / Internal Operational,WAFD ONE — operational reference,,,مرجع تشغيلي داخلي.
خضار كاري مع شباتي,غداء / Lunch,100,هندي,بعثات هندي,7,أرز بسمتي:16 | دجاج كامل مبرد:45 | بصل:4 | طماطم:4 | زيت نباتي:2 | ملح:0.6 | بهارات مشكلة:0.5,تشغيلي داخلي / Internal Operational,WAFD ONE — operational reference,,,مرجع تشغيلي داخلي.
خضار مشكلة وأرز,غداء / Lunch,100,عام / General,جميع البعثات,7,أرز بسمتي:17 | بطاطس:6 | جزر:5 | كوسة:5 | فاصوليا خضراء:4 | بازلاء مجمدة:3 | زيت نباتي:2,تشغيلي داخلي / Internal Operational,WAFD ONE — operational reference,,,اسم الطبق/النمط مرجعي؛ كميات 100 حصة هي معيار تشغيلي داخلي لـ WAFD وتحتاج اعتماد الشيف والبعثة قبل الإنتاج.
خضار ووك,غداء / Lunch,100,آسيوي,بعثات آسيوي,7,أرز بسمتي:16 | دجاج كامل مبرد:45 | بصل:4 | طماطم:4 | زيت نباتي:2 | ملح:0.6 | بهارات مشكلة:0.5,تشغيلي داخلي / Internal Operational,WAFD ONE — operational reference,,,مرجع تشغيلي داخلي.
خيتشوري,غداء / Lunch,100,بنغلاديشي / Bangladeshi,بنغلاديش,6,أرز بسمتي:14 | عدس أحمر:8 | بصل:4 | طماطم:3 | كركم:0.25 | زيت نباتي:2,رسمي موثق / Official Verified,Bangladesh Tourism Board,https://tourismboard.gov.bd/sites/default/files/files/tourismboard.portal.gov.bd/page/aa3dacc5_f200_47c7_8445_12aff09f9450/BTB%20Tourist%20Handbook%20%281%29.pdf,2026-08-09,اسم الطبق/النمط مرجعي؛ كميات 100 حصة هي معيار تشغيلي داخلي لـ WAFD وتحتاج اعتماد الشيف والبعثة قبل الإنتاج.
دال عدس مع أرز,غداء / Lunch,100,هندي,بعثات هندي,7,أرز بسمتي:16 | دجاج كامل مبرد:45 | بصل:4 | طماطم:4 | زيت نباتي:2 | ملح:0.6 | بهارات مشكلة:0.5,تشغيلي داخلي / Internal Operational,WAFD ONE — operational reference,,,مرجع تشغيلي داخلي.
دال عدس هندي,غداء / Lunch,100,هندي / Indian,الهند,7,عدس أحمر:12 | بصل:3 | طماطم:4 | ثوم:0.7 | زنجبيل:0.7 | كركم:0.25 | زيت نباتي:1.5,تشغيلي داخلي / Internal Operational,WAFD ONE — operational reference,,,مرجع تشغيلي داخلي.
دال ماش,غداء / Lunch,100,باكستاني,بعثات باكستاني,7,أرز بسمتي:16 | دجاج كامل مبرد:45 | بصل:4 | طماطم:4 | زيت نباتي:2 | ملح:0.6 | بهارات مشكلة:0.5,تشغيلي داخلي / Internal Operational,WAFD ONE — operational reference,,,مرجع تشغيلي داخلي.
دجاج بابريكا بالمكرونة,غداء / Lunch,100,أوروبي / European,البوسنة، ألبانيا، روسيا، ألمانيا,6,صدور دجاج:23 | مكرونة:15 | كريمة طبخ:8 | بابريكا:0.5 | بصل:3 | فطر:5,تشغيلي داخلي / Internal Operational,WAFD ONE — operational reference,,,مرجع تشغيلي داخلي.
دجاج بالكاري,غداء / Lunch,100,جنوب آسيوي / South Asian,الهند، باكستان، بنغلاديش، سريلانكا,7,صدور دجاج:24 | بصل:4 | طماطم:4 | زنجبيل:1 | ثوم:1 | كاري بودرة:0.7 | زبادي:8,رسمي موثق / Official Verified,Incredible India — Ministry of Tourism,https://www.prod.incredibleindia.gov.in/content/incredible-india-v2/en/destinations/delhi/food-and-cuisine.html,2026-08-09,اسم الطبق/النمط مرجعي؛ كميات 100 حصة هي معيار تشغيلي داخلي لـ WAFD وتحتاج اعتماد الشيف والبعثة قبل الإنتاج.
دجاج بصوص الفطر,غداء / Lunch,100,أوروبي,بعثات أوروبي,7,أرز بسمتي:16 | دجاج كامل مبرد:45 | بصل:4 | طماطم:4 | زيت نباتي:2 | ملح:0.6 | بهارات مشكلة:0.5,تشغيلي داخلي / Internal Operational,WAFD ONE — operational reference,,,مرجع تشغيلي داخلي.
دجاج تركي بالفرن,غداء / Lunch,100,تركي,بعثات تركي,7,أرز بسمتي:16 | دجاج كامل مبرد:45 | بصل:4 | طماطم:4 | زيت نباتي:2 | ملح:0.6 | بهارات مشكلة:0.5,تشغيلي داخلي / Internal Operational,WAFD ONE — operational reference,,,مرجع تشغيلي داخلي.
دجاج ترياكي,غداء / Lunch,100,آسيوي,بعثات آسيوي,7,أرز بسمتي:16 | دجاج كامل مبرد:45 | بصل:4 | طماطم:4 | زيت نباتي:2 | ملح:0.6 | بهارات مشكلة:0.5,تشغيلي داخلي / Internal Operational,WAFD ONE — operational reference,,,مرجع تشغيلي داخلي.
دجاج تكا ماسالا,غداء / Lunch,100,عام / General,جميع البعثات,7,صدور دجاج:24 | زبادي:12 | معجون طماطم:4 | بصل:3 | ثوم:1 | زنجبيل:1 | بهارات مشكلة:0.8,تشغيلي داخلي / Internal Operational,WAFD ONE — operational reference,,,مرجع تشغيلي داخلي.
دجاج تيكا مع أرز,غداء / Lunch,100,هندي,بعثات هندي,7,أرز بسمتي:16 | دجاج كامل مبرد:45 | بصل:4 | طماطم:4 | زيت نباتي:2 | ملح:0.6 | بهارات مشكلة:0.5,تشغيلي داخلي / Internal Operational,WAFD ONE — operational reference,,,مرجع تشغيلي داخلي.
دجاج جولوف,غداء / Lunch,100,نيجيري / Nigerian,نيجيريا، غانا، الكاميرون,7,دجاج كامل مبرد:42 | أرز بسمتي:18 | طماطم:7 | فلفل رومي:4 | بصل:5 | معجون طماطم:3 | فلفل حار:0.4,يحتاج مراجعة / Needs Review,Peer-reviewed Nigerian cuisine overview / ScienceDirect,https://www.sciencedirect.com/science/article/pii/S1878450X26001526,2026-08-09,اسم الطبق/النمط مرجعي؛ كميات 100 حصة هي معيار تشغيلي داخلي لـ WAFD وتحتاج اعتماد الشيف والبعثة قبل الإنتاج.
دجاج حلو وحامض,غداء / Lunch,100,صيني / Chinese,الصين، سنغافورة,7,صدور دجاج:23 | أناناس:6 | فلفل رومي:5 | صلصة صويا:3 | خل:2 | سكر:2 | أرز ياسمين:17,تشغيلي داخلي / Internal Operational,WAFD ONE — operational reference,,,مرجع تشغيلي داخلي.
دجاج ساتاي,غداء / Lunch,100,إندونيسي,بعثات إندونيسي,7,أرز بسمتي:16 | دجاج كامل مبرد:45 | بصل:4 | طماطم:4 | زيت نباتي:2 | ملح:0.6 | بهارات مشكلة:0.5,تشغيلي داخلي / Internal Operational,WAFD ONE — operational reference,,,مرجع تشغيلي داخلي.
دجاج صاج,غداء / Lunch,100,تركي,بعثات تركي,7,أرز بسمتي:16 | دجاج كامل مبرد:45 | بصل:4 | طماطم:4 | زيت نباتي:2 | ملح:0.6 | بهارات مشكلة:0.5,تشغيلي داخلي / Internal Operational,WAFD ONE — operational reference,,,مرجع تشغيلي داخلي.
دجاج صويا,غداء / Lunch,100,آسيوي,بعثات آسيوي,7,أرز بسمتي:16 | دجاج كامل مبرد:45 | بصل:4 | طماطم:4 | زيت نباتي:2 | ملح:0.6 | بهارات مشكلة:0.5,تشغيلي داخلي / Internal Operational,WAFD ONE — operational reference,,,مرجع تشغيلي داخلي.
دجاج كاري هندي,غداء / Lunch,100,عام / General,جميع البعثات,8,صدور دجاج:24 | زبادي:10 | بصل:4 | طماطم:4 | زنجبيل:1 | ثوم:1 | كركم:0.3 | بهارات مشكلة:0.7,تشغيلي داخلي / Internal Operational,WAFD ONE — operational reference,,,مرجع تشغيلي داخلي.
دجاج كراهي,غداء / Lunch,100,باكستاني,بعثات باكستاني,7,أرز بسمتي:16 | دجاج كامل مبرد:45 | بصل:4 | طماطم:4 | زيت نباتي:2 | ملح:0.6 | بهارات مشكلة:0.5,تشغيلي داخلي / Internal Operational,WAFD ONE — operational reference,,,مرجع تشغيلي داخلي.
دجاج كورما,غداء / Lunch,100,هندي,بعثات هندي,7,أرز بسمتي:16 | دجاج كامل مبرد:45 | بصل:4 | طماطم:4 | زيت نباتي:2 | ملح:0.6 | بهارات مشكلة:0.5,تشغيلي داخلي / Internal Operational,WAFD ONE — operational reference,,,مرجع تشغيلي داخلي.
دجاج مشوي بالبطاطس والأعشاب,غداء / Lunch,100,أوروبي / European,فرنسا، ألمانيا، المملكة المتحدة,6,دجاج كامل مبرد:45 | بطاطس:16 | جزر:5 | ثوم:1 | ليمون:3 | زبدة:2,تشغيلي داخلي / Internal Operational,WAFD ONE — operational reference,,,مرجع تشغيلي داخلي.
دجاج مشوي مع أرز,عشاء / Dinner,100,عام / General,جميع البعثات,6,أرز بسمتي:17 | دجاج كامل مبرد:50 | زبادي:15 | ثوم:1 | ليمون:3 | بهارات مشكلة:0.6,تشغيلي داخلي / Internal Operational,WAFD ONE — operational reference,,,مرجع تشغيلي داخلي.
دجاج مشوي وأرز,غداء / Lunch,100,عام / General,جميع البعثات,6,أرز بسمتي:17 | دجاج كامل مبرد:50 | زبادي:15 | ثوم:1 | ليمون:3 | بهارات مشكلة:0.6,تشغيلي داخلي / Internal Operational,WAFD ONE — operational reference,,,اسم الطبق/النمط مرجعي؛ كميات 100 حصة هي معيار تشغيلي داخلي لـ WAFD وتحتاج اعتماد الشيف والبعثة قبل الإنتاج.
دجاج ياسا,غداء / Lunch,100,أفريقي,بعثات أفريقي,7,أرز بسمتي:16 | دجاج كامل مبرد:45 | بصل:4 | طماطم:4 | زيت نباتي:2 | ملح:0.6 | بهارات مشكلة:0.5,تشغيلي داخلي / Internal Operational,WAFD ONE — operational reference,,,مرجع تشغيلي داخلي.
دورو وات مع إنجيرا,غداء / Lunch,100,إثيوبي / Ethiopian,إثيوبيا، إريتريا,6,دجاج كامل مبرد:42 | بصل:8 | طماطم:4 | بيض:50 | بابريكا:0.4 | دقيق أبيض:14,رسمي موثق / Official Verified,Explore Ethiopia — official tourism portal,https://exploreethiopia.travel/,2026-08-09,اسم الطبق/النمط مرجعي؛ كميات 100 حصة هي معيار تشغيلي داخلي لـ WAFD وتحتاج اعتماد الشيف والبعثة قبل الإنتاج.
رشوف أردني,غداء / Lunch,100,أردني / Jordanian,الأردن,5,عدس أخضر:8 | برغل:6 | زبادي:12 | بصل:5 | خبز عربي:100,رسمي موثق / Official Verified,Visit Jordan — official tourism portal,https://edutravel.visitjordan.com/en/page/79/Food-and-Drinks,2026-08-09,اسم الطبق/النمط مرجعي؛ كميات 100 حصة هي معيار تشغيلي داخلي لـ WAFD وتحتاج اعتماد الشيف والبعثة قبل الإنتاج.
روبيان بالخضار,غداء / Lunch,100,آسيوي,بعثات آسيوي,7,أرز بسمتي:16 | دجاج كامل مبرد:45 | بصل:4 | طماطم:4 | زيت نباتي:2 | ملح:0.6 | بهارات مشكلة:0.5,تشغيلي داخلي / Internal Operational,WAFD ONE — operational reference,,,مرجع تشغيلي داخلي.
روتي وخضار,إفطار / Breakfast,100,جنوب آسيوي / South Asian,الهند، باكستان، بنغلاديش، نيبال,7,خبز شباتي:100 | بطاطس:8 | قرنبيط:6 | جزر:4 | بازلاء مجمدة:3 | بصل:3 | كاري بودرة:0.5,تشغيلي داخلي / Internal Operational,WAFD ONE — operational reference,,,اسم الطبق/النمط مرجعي؛ كميات 100 حصة هي معيار تشغيلي داخلي لـ WAFD وتحتاج اعتماد الشيف والبعثة قبل الإنتاج.
ريندانغ لحم,غداء / Lunch,100,عام / General,جميع البعثات,6,لحم بقري:25 | حليب جوز الهند:12 | بصل:4 | ثوم:1 | زنجبيل:1 | بهارات مشكلة:0.5,رسمي موثق / Official Verified,Indonesia Travel — official tourism portal,https://www.indonesia.travel/sa/ar/travel-ideas/gastronomy/the-ultimate-guide-to-must-try-indonesian-food,2026-08-09,المصدر يثبت اسم/هوية الطبق؛ صيغة وكميات WAFD التشغيلية مستقلة وتحتاج اعتماداً تشغيلياً.
ساتاي دجاج,عشاء / Dinner,100,جنوب شرق آسيوي / Southeast Asian,إندونيسيا، ماليزيا,6,صدور دجاج:25 | فول سوداني:5 | حليب جوز الهند:4 | صلصة صويا:2 | ثوم:0.8 | أرز ياسمين:16,رسمي موثق / Official Verified,Tourism Malaysia,https://www.malaysia.travel/explore/malaysian-food-52-top-picks-you-shouldn-t-miss,2026-08-09,اسم الطبق/النمط مرجعي؛ كميات 100 حصة هي معيار تشغيلي داخلي لـ WAFD وتحتاج اعتماد الشيف والبعثة قبل الإنتاج.
ساتيه دجاج بصلصة الفول,غداء / Lunch,100,إندونيسي / Indonesian,إندونيسيا، ماليزيا,6,صدور دجاج:25 | فول سوداني:5 | حليب جوز الهند:4 | صلصة صويا:2 | ثوم:0.8 | أرز ياسمين:16,رسمي موثق / Official Verified,Tourism Malaysia,https://www.malaysia.travel/explore/malaysian-food-52-top-picks-you-shouldn-t-miss,2026-08-09,المصدر يثبت اسم/هوية الطبق؛ صيغة وكميات WAFD التشغيلية مستقلة وتحتاج اعتماداً تشغيلياً.
ساجي دجاج,غداء / Lunch,100,باكستاني / Pakistani,باكستان,5,دجاج كامل مبرد:50 | ملح:0.7 | فلفل أسود:0.25 | ليمون:3 | أرز بسمتي:17,رسمي موثق / Official Verified,Pakistan Tourism Development Corporation,https://tourism.gov.pk/pakistan.html,2026-08-09,اسم الطبق/النمط مرجعي؛ كميات 100 حصة هي معيار تشغيلي داخلي لـ WAFD وتحتاج اعتماد الشيف والبعثة قبل الإنتاج.
سارما ورق محشي,غداء / Lunch,100,تركي / Turkish,تركيا، البوسنة والهرسك، ألبانيا,6,أرز بسمتي:12 | لحم مفروم:10 | بصل:4 | طماطم:3 | دبس رمان:1 | زيت نباتي:2,رسمي موثق / Official Verified,GoTürkiye — official tourism portal,https://gastronomy.goturkiye.com/turkish-cuisine,2026-08-09,اسم الطبق/النمط مرجعي؛ كميات 100 حصة هي معيار تشغيلي داخلي لـ WAFD وتحتاج اعتماد الشيف والبعثة قبل الإنتاج.
سامسا أوزبكية,وجبة خفيفة / Snack,100,أوزبكي / Uzbek,أوزبكستان، كازاخستان، قرغيزستان، طاجيكستان,5,دقيق أبيض:14 | لحم مفروم:18 | بصل:6 | زيت نباتي:2 | كمون:0.25,رسمي موثق / Official Verified,Uzbekistan Travel — official tourism portal,https://uzbekistan.travel/en/c/uzbek-cuisine/,2026-08-09,اسم الطبق/النمط مرجعي؛ كميات 100 حصة هي معيار تشغيلي داخلي لـ WAFD وتحتاج اعتماد الشيف والبعثة قبل الإنتاج.
ساندويتش تونة,عشاء / Dinner,100,عام / General,جميع البعثات,5,خبز صامولي:100 | تونة معلبة:14 | مايونيز:4 | خيار:4 | مخلل:2,تشغيلي داخلي / Internal Operational,WAFD ONE — operational reference,,,اسم الطبق/النمط مرجعي؛ كميات 100 حصة هي معيار تشغيلي داخلي لـ WAFD وتحتاج اعتماد الشيف والبعثة قبل الإنتاج.
ساندويتش جبن,إفطار / Breakfast,100,عام / General,جميع البعثات,4,خبز صامولي:100 | جبنة شرائح:100 | خيار:4 | عصير 200 مل:100,تشغيلي داخلي / Internal Operational,WAFD ONE — operational reference,,,اسم الطبق/النمط مرجعي؛ كميات 100 حصة هي معيار تشغيلي داخلي لـ WAFD وتحتاج اعتماد الشيف والبعثة قبل الإنتاج.
ساندويتش دجاج,عشاء / Dinner,100,عام / General,جميع البعثات,5,خبز صامولي:100 | صدور دجاج:18 | مايونيز:4 | خس:4 | مخلل:2,تشغيلي داخلي / Internal Operational,WAFD ONE — operational reference,,,اسم الطبق/النمط مرجعي؛ كميات 100 حصة هي معيار تشغيلي داخلي لـ WAFD وتحتاج اعتماد الشيف والبعثة قبل الإنتاج.
ستروغانوف لحم,غداء / Lunch,100,روسي / Russian,روسيا، كازاخستان,5,لحم بقري:23 | فطر:8 | كريمة طبخ:8 | بصل:4 | مكرونة:15,تشغيلي داخلي / Internal Operational,WAFD ONE — operational reference,,,مرجع تشغيلي داخلي.
سحور آسيوي,سحور / Suhoor,100,آسيوي / Asian,البعثات الآسيوية,6,أرز ياسمين:12 | بيض:100 | صدور دجاج:12 | خيار:4 | لبن:100 | ماء 330 مل:100,تشغيلي داخلي / Internal Operational,WAFD ONE — operational reference,,,اسم الطبق/النمط مرجعي؛ كميات 100 حصة هي معيار تشغيلي داخلي لـ WAFD وتحتاج اعتماد الشيف والبعثة قبل الإنتاج.
سحور إندونيسي,سحور / Suhoor,100,إندونيسي / Indonesian,إندونيسيا,6,أرز ياسمين:14 | صدور دجاج:14 | بيض:100 | صلصة صويا:2 | خيار:4 | ماء 330 مل:100,رسمي موثق / Official Verified,Indonesia Travel — official tourism portal,https://www.indonesia.travel/sa/ar/travel-ideas/gastronomy/the-ultimate-guide-to-must-try-indonesian-food,2026-08-09,اسم الطبق/النمط مرجعي؛ كميات 100 حصة هي معيار تشغيلي داخلي لـ WAFD وتحتاج اعتماد الشيف والبعثة قبل الإنتاج.
سحور عربي,سحور / Suhoor,100,عربي / Arabic,البعثات العربية,6,فول:12 | بيض:100 | لبنة:5 | خبز عربي:120 | لبن:100 | ماء 330 مل:100,تشغيلي داخلي / Internal Operational,WAFD ONE — operational reference,,,اسم الطبق/النمط مرجعي؛ كميات 100 حصة هي معيار تشغيلي داخلي لـ WAFD وتحتاج اعتماد الشيف والبعثة قبل الإنتاج.
سحور متوازن,سحور / Suhoor,100,عام / General,جميع البعثات,6,بيض:100 | جبنة شرائح:100 | خبز عربي:100 | موز:12 | لبن:100 | ماء 330 مل:100,تشغيلي داخلي / Internal Operational,WAFD ONE — operational reference,,,اسم الطبق/النمط مرجعي؛ كميات 100 حصة هي معيار تشغيلي داخلي لـ WAFD وتحتاج اعتماد الشيف والبعثة قبل الإنتاج.
سحور هندي,سحور / Suhoor,100,هندي / Indian,الهند,6,خبز شباتي:100 | بيض:100 | حمص حب:10 | زبادي:10 | شاي:300 | ماء 330 مل:100,رسمي موثق / Official Verified,Incredible India — Ministry of Tourism,https://www.prod.incredibleindia.gov.in/content/incredible-india-v2/en/destinations/delhi/food-and-cuisine.html,2026-08-09,اسم الطبق/النمط مرجعي؛ كميات 100 حصة هي معيار تشغيلي داخلي لـ WAFD وتحتاج اعتماد الشيف والبعثة قبل الإنتاج.
سلتة يمنية,غداء / Lunch,100,يمني / Yemeni,اليمن,6,لحم بقري:20 | بطاطس:8 | بامية:5 | طماطم:4 | بصل:4 | خبز عربي:100,تشغيلي داخلي / Internal Operational,WAFD ONE — operational reference,,,مرجع تشغيلي داخلي.
سلطة خضراء,غداء / Lunch,100,عام / General,جميع البعثات,6,خيار:8 | طماطم:8 | خس:5 | ليمون:3 | بقدونس:1 | ملح:0.2,تشغيلي داخلي / Internal Operational,WAFD ONE — operational reference,,,مرجع تشغيلي داخلي.
سلطة فواكه,وجبة خفيفة / Snack,100,عام / General,جميع البعثات,5,موز:8 | تفاح:8 | برتقال:8 | عنب أخضر:5 | مانجو:5,تشغيلي داخلي / Internal Operational,WAFD ONE — operational reference,,,اسم الطبق/النمط مرجعي؛ كميات 100 حصة هي معيار تشغيلي داخلي لـ WAFD وتحتاج اعتماد الشيف والبعثة قبل الإنتاج.
سلطة كول سلو,غداء / Lunch,100,عام / General,جميع البعثات,5,ملفوف:12 | جزر:4 | مايونيز:5 | خل:1 | سكر:0.5,تشغيلي داخلي / Internal Operational,WAFD ONE — operational reference,,,مرجع تشغيلي داخلي.
سليق دجاج حجازي,غداء / Lunch,100,سعودي حجازي / Saudi Hijazi,السعودية، الخليج والعامة,6,أرز مصري:10 | أرز بسمتي:7 | دجاج كامل مبرد:45 | حليب:18 | زبدة:3 | هيل:0.08,رسمي موثق / Official Verified,Visit Saudi — official tourism portal,https://www.visitsaudi.com/content/dam/saudi-tourism/media/guides/saudi-series-culture-english.pdf,2026-08-09,اسم الطبق/النمط مرجعي؛ كميات 100 حصة هي معيار تشغيلي داخلي لـ WAFD وتحتاج اعتماد الشيف والبعثة قبل الإنتاج.
سمك أفريقي حار,غداء / Lunch,100,أفريقي,بعثات أفريقي,7,أرز بسمتي:16 | دجاج كامل مبرد:45 | بصل:4 | طماطم:4 | زيت نباتي:2 | ملح:0.6 | بهارات مشكلة:0.5,تشغيلي داخلي / Internal Operational,WAFD ONE — operational reference,,,مرجع تشغيلي داخلي.
سمك بالكاري البنغالي,غداء / Lunch,100,بنغلاديشي / Bangladeshi,بنغلاديش,7,سمك فيليه:25 | بطاطس:8 | طماطم:4 | بصل:4 | كركم:0.25 | فلفل حار:0.5 | أرز بسمتي:16,رسمي موثق / Official Verified,Bangladesh Tourism Board,https://tourismboard.gov.bd/sites/default/files/files/tourismboard.portal.gov.bd/page/aa3dacc5_f200_47c7_8445_12aff09f9450/BTB%20Tourist%20Handbook%20%281%29.pdf,2026-08-09,اسم الطبق/النمط مرجعي؛ كميات 100 حصة هي معيار تشغيلي داخلي لـ WAFD وتحتاج اعتماد الشيف والبعثة قبل الإنتاج.
سمك حلو حار,غداء / Lunch,100,آسيوي,بعثات آسيوي,7,أرز بسمتي:16 | دجاج كامل مبرد:45 | بصل:4 | طماطم:4 | زيت نباتي:2 | ملح:0.6 | بهارات مشكلة:0.5,تشغيلي داخلي / Internal Operational,WAFD ONE — operational reference,,,مرجع تشغيلي داخلي.
سمك فيليه مع أرز,غداء / Lunch,100,عام / General,جميع البعثات,6,أرز بسمتي:17 | سمك فيليه:25 | دقيق أبيض:3 | زيت نباتي:5 | ليمون:3 | ملح:0.5,تشغيلي داخلي / Internal Operational,WAFD ONE — operational reference,,,مرجع تشغيلي داخلي.
سمك ماسالا,غداء / Lunch,100,هندي,بعثات هندي,7,أرز بسمتي:16 | دجاج كامل مبرد:45 | بصل:4 | طماطم:4 | زيت نباتي:2 | ملح:0.6 | بهارات مشكلة:0.5,تشغيلي داخلي / Internal Operational,WAFD ONE — operational reference,,,مرجع تشغيلي داخلي.
سمك مشوي بالأعشاب,غداء / Lunch,100,أوروبي,بعثات أوروبي,7,أرز بسمتي:16 | دجاج كامل مبرد:45 | بصل:4 | طماطم:4 | زيت نباتي:2 | ملح:0.6 | بهارات مشكلة:0.5,تشغيلي داخلي / Internal Operational,WAFD ONE — operational reference,,,مرجع تشغيلي داخلي.
سمك مشوي وأرز,غداء / Lunch,100,عام / General,جميع البعثات,5,أرز بسمتي:17 | سمك فيليه:25 | زيت نباتي:2 | ليمون:3 | بهارات سمك:0.5,تشغيلي داخلي / Internal Operational,WAFD ONE — operational reference,,,اسم الطبق/النمط مرجعي؛ كميات 100 حصة هي معيار تشغيلي داخلي لـ WAFD وتحتاج اعتماد الشيف والبعثة قبل الإنتاج.
سوتو دجاج,عشاء / Dinner,100,إندونيسي / Indonesian,إندونيسيا,6,صدور دجاج:20 | شعيرية:6 | بطاطس:6 | ملفوف:5 | زنجبيل:0.7 | كركم:0.2,تشغيلي داخلي / Internal Operational,WAFD ONE — operational reference,,,مرجع تشغيلي داخلي.
سويا دجاج نيجيري,غداء / Lunch,100,نيجيري / Nigerian,نيجيريا، غانا، الكاميرون,6,صدور دجاج:25 | فول سوداني:3 | فلفل حار:0.4 | بابريكا:0.3 | بصل:4 | أرز بسمتي:16,يحتاج مراجعة / Needs Review,Peer-reviewed Nigerian cuisine overview / ScienceDirect,https://www.sciencedirect.com/science/article/pii/S1878450X26001526,2026-08-09,اسم الطبق/النمط مرجعي؛ كميات 100 حصة هي معيار تشغيلي داخلي لـ WAFD وتحتاج اعتماد الشيف والبعثة قبل الإنتاج.
سيميت تركي,إفطار / Breakfast,100,تركي / Turkish,تركيا,6,دقيق أبيض:14 | سمسم:2.5 | سكر:1 | زيت نباتي:1.5 | جبنة فيتا:8 | شاي:300,رسمي موثق / Official Verified,GoTürkiye — official tourism portal,https://gastronomy.goturkiye.com/turkish-cuisine,2026-08-09,اسم الطبق/النمط مرجعي؛ كميات 100 حصة هي معيار تشغيلي داخلي لـ WAFD وتحتاج اعتماد الشيف والبعثة قبل الإنتاج.
شاورما دجاج,عشاء / Dinner,100,عربي / Arabic,العرب، تركيا والعامة,6,صدور دجاج:22 | خبز عربي:100 | بهارات شاورما:0.5 | مايونيز:4 | بطاطس:12 | مخلل:3,تشغيلي داخلي / Internal Operational,WAFD ONE — operational reference,,,اسم الطبق/النمط مرجعي؛ كميات 100 حصة هي معيار تشغيلي داخلي لـ WAFD وتحتاج اعتماد الشيف والبعثة قبل الإنتاج.
شاورما دجاج صندوقية,عشاء / Dinner,100,عام / General,جميع البعثات,6,صدور دجاج:22 | خبز عربي:100 | مايونيز:4 | بطاطس:12 | ثوم:1 | مخلل:3,تشغيلي داخلي / Internal Operational,WAFD ONE — operational reference,,,مرجع تشغيلي داخلي.
شخشوخة,غداء / Lunch,100,مغاربي,بعثات مغاربي,7,أرز بسمتي:16 | دجاج كامل مبرد:45 | بصل:4 | طماطم:4 | زيت نباتي:2 | ملح:0.6 | بهارات مشكلة:0.5,تشغيلي داخلي / Internal Operational,WAFD ONE — operational reference,,,مرجع تشغيلي داخلي.
شخشوخة دجاج,غداء / Lunch,100,جزائري / Algerian,الجزائر,6,دجاج كامل مبرد:42 | دقيق أبيض:14 | حمص حب:4 | طماطم:4 | بصل:4 | كوسة:5,تشغيلي داخلي / Internal Operational,WAFD ONE — operational reference,,,مرجع تشغيلي داخلي.
شوربة إيجوسي باللحم,غداء / Lunch,100,نيجيري / Nigerian,نيجيريا,6,لحم بقري:22 | سبانخ:10 | فول سوداني:5 | طماطم:4 | بصل:4 | فلفل حار:0.4,يحتاج مراجعة / Needs Review,Peer-reviewed Nigerian cuisine overview / ScienceDirect,https://www.sciencedirect.com/science/article/pii/S1878450X26001526,2026-08-09,المصدر يثبت اسم/هوية الطبق؛ صيغة وكميات WAFD التشغيلية مستقلة وتحتاج اعتماداً تشغيلياً.
شوربة حريرة,عشاء / Dinner,100,مغربي / Moroccan,المغرب، الجزائر,6,عدس أحمر:6 | حمص حب:6 | طماطم:5 | بصل:3 | كزبرة خضراء:1 | شعيرية:3,رسمي موثق / Official Verified,Moroccan National Tourist Office,https://www.visitmorocco.com/en/travel-info/food-drinks,2026-08-09,المصدر يثبت اسم/هوية الطبق؛ صيغة وكميات WAFD التشغيلية مستقلة وتحتاج اعتماداً تشغيلياً.
شوربة خضار,عشاء / Dinner,100,عام / General,جميع البعثات,6,بطاطس:5 | جزر:4 | كوسة:4 | فاصوليا خضراء:3 | بصل:2 | طماطم:2,تشغيلي داخلي / Internal Operational,WAFD ONE — operational reference,,,مرجع تشغيلي داخلي.
شوربة خضار كريمية,غداء / Lunch,100,أوروبي,بعثات أوروبي,7,أرز بسمتي:16 | دجاج كامل مبرد:45 | بصل:4 | طماطم:4 | زيت نباتي:2 | ملح:0.6 | بهارات مشكلة:0.5,تشغيلي داخلي / Internal Operational,WAFD ONE — operational reference,,,مرجع تشغيلي داخلي.
شوربة عدس,عشاء / Dinner,100,عام / General,جميع البعثات,6,عدس أحمر:10 | بصل:2 | جزر:2 | زيت نباتي:1 | كمون:0.2 | ملح:0.4,تشغيلي داخلي / Internal Operational,WAFD ONE — operational reference,,,مرجع تشغيلي داخلي.
شوربة عدس تركية,عشاء / Dinner,100,تركي / Turkish,تركيا,6,عدس أحمر:11 | بصل:3 | جزر:2 | معجون طماطم:2 | كمون:0.25 | بابريكا:0.25,تشغيلي داخلي / Internal Operational,WAFD ONE — operational reference,,,مرجع تشغيلي داخلي.
صالونة دجاج,غداء / Lunch,100,خليجي,بعثات خليجي,7,أرز بسمتي:16 | دجاج كامل مبرد:45 | بصل:4 | طماطم:4 | زيت نباتي:2 | ملح:0.6 | بهارات مشكلة:0.5,تشغيلي داخلي / Internal Operational,WAFD ONE — operational reference,,,مرجع تشغيلي داخلي.
صالونة دجاج خليجية,غداء / Lunch,100,خليجي / Gulf,الإمارات العربية المتحدة، قطر، البحرين، الكويت، سلطنة عُمان,6,دجاج كامل مبرد:42 | بطاطس:8 | جزر:5 | كوسة:5 | طماطم:5 | بصل:4,رسمي موثق / Official Verified,Visit Qatar — official tourism portal,https://visitqatar.com/intl-en/about-qatar/cuisine,2026-08-09,اسم الطبق/النمط مرجعي؛ كميات 100 حصة هي معيار تشغيلي داخلي لـ WAFD وتحتاج اعتماد الشيف والبعثة قبل الإنتاج.
صيادية سمك,غداء / Lunch,100,شامي / Levantine,لبنان، سوريا، فلسطين,5,سمك فيليه:25 | أرز بسمتي:17 | بصل:10 | كمون:0.25 | ليمون:3,تشغيلي داخلي / Internal Operational,WAFD ONE — operational reference,,,مرجع تشغيلي داخلي.
طاجن دجاج,غداء / Lunch,100,مغربي / Moroccan,المغرب، الجزائر، تونس,6,دجاج كامل مبرد:45 | بصل:5 | طماطم:4 | ليمون:3 | زيت نباتي:2 | بهارات مشكلة:0.6,رسمي موثق / Official Verified,Moroccan National Tourist Office,https://www.visitmorocco.com/en/travel-info/food-drinks,2026-08-09,اسم الطبق/النمط مرجعي؛ كميات 100 حصة هي معيار تشغيلي داخلي لـ WAFD وتحتاج اعتماد الشيف والبعثة قبل الإنتاج.
طاجن دجاج بالزيتون,غداء / Lunch,100,مغاربي,بعثات مغاربي,7,أرز بسمتي:16 | دجاج كامل مبرد:45 | بصل:4 | طماطم:4 | زيت نباتي:2 | ملح:0.6 | بهارات مشكلة:0.5,تشغيلي داخلي / Internal Operational,WAFD ONE — operational reference,,,مرجع تشغيلي داخلي.
طاجن لحم بالبرقوق,غداء / Lunch,100,مغربي / Moroccan,المغرب,6,لحم غنم:25 | بصل:5 | زبيب:3 | لوز:1.5 | قرفة:0.12 | عسل:2,رسمي موثق / Official Verified,Moroccan National Tourist Office,https://www.visitmorocco.com/en/travel-info/food-drinks,2026-08-09,المصدر يثبت اسم/هوية الطبق؛ صيغة وكميات WAFD التشغيلية مستقلة وتحتاج اعتماداً تشغيلياً.
فاصوليا بيضاء باللحم,غداء / Lunch,100,عام / General,جميع البعثات,5,فاصوليا بيضاء:12 | لحم بقري:18 | طماطم:4 | بصل:3 | معجون طماطم:2,تشغيلي داخلي / Internal Operational,WAFD ONE — operational reference,,,مرجع تشغيلي داخلي.
فاصوليا تركية,غداء / Lunch,100,تركي,بعثات تركي,7,أرز بسمتي:16 | دجاج كامل مبرد:45 | بصل:4 | طماطم:4 | زيت نباتي:2 | ملح:0.6 | بهارات مشكلة:0.5,تشغيلي داخلي / Internal Operational,WAFD ONE — operational reference,,,مرجع تشغيلي داخلي.
فاصوليا ولوبيا,غداء / Lunch,100,أفريقي,بعثات أفريقي,7,أرز بسمتي:16 | دجاج كامل مبرد:45 | بصل:4 | طماطم:4 | زيت نباتي:2 | ملح:0.6 | بهارات مشكلة:0.5,تشغيلي داخلي / Internal Operational,WAFD ONE — operational reference,,,مرجع تشغيلي داخلي.
فتة حمص,إفطار / Breakfast,100,شامي / Levantine,سوريا، لبنان، فلسطين، الأردن,6,حمص حب:12 | خبز عربي:100 | زبادي:15 | طحينة:4 | ثوم:0.6 | لوز:1,تشغيلي داخلي / Internal Operational,WAFD ONE — operational reference,,,مرجع تشغيلي داخلي.
فتة دجاج,غداء / Lunch,100,عربي,بعثات عربي,7,أرز بسمتي:16 | دجاج كامل مبرد:45 | بصل:4 | طماطم:4 | زيت نباتي:2 | ملح:0.6 | بهارات مشكلة:0.5,تشغيلي داخلي / Internal Operational,WAFD ONE — operational reference,,,مرجع تشغيلي داخلي.
فتة لحم مصرية,غداء / Lunch,100,مصري / Egyptian,مصر,6,أرز مصري:16 | لحم بقري:22 | خبز عربي:100 | خل:2 | ثوم:1 | معجون طماطم:2,تشغيلي داخلي / Internal Operational,WAFD ONE — operational reference,,,مرجع تشغيلي داخلي.
فول إفطار,إفطار / Breakfast,100,عام / General,جميع البعثات,6,فول:16 | طماطم:3 | بصل:2 | زيت نباتي:1.5 | كمون:0.2 | خبز عربي:100,تشغيلي داخلي / Internal Operational,WAFD ONE — operational reference,,,مرجع تشغيلي داخلي.
فول وبيض,إفطار / Breakfast,100,عربي / Arabic,البعثات العربية والعامة,5,فول:14 | بيض:100 | طماطم:3 | بصل:2 | خبز عربي:120,تشغيلي داخلي / Internal Operational,WAFD ONE — operational reference,,,اسم الطبق/النمط مرجعي؛ كميات 100 حصة هي معيار تشغيلي داخلي لـ WAFD وتحتاج اعتماد الشيف والبعثة قبل الإنتاج.
فول وطعمية مصرية,إفطار / Breakfast,100,مصري / Egyptian,مصر، السودان,6,فول:15 | دقيق حمص:8 | بقدونس:2 | بصل:3 | ثوم:0.7 | خبز عربي:120,تشغيلي داخلي / Internal Operational,WAFD ONE — operational reference,,,مرجع تشغيلي داخلي.
كابلي بلو أفغاني,غداء / Lunch,100,أفغاني / Afghan,أفغانستان,7,أرز بسمتي:18 | لحم غنم:25 | جزر:5 | زبيب:2 | لوز:1.5 | بصل:4 | هيل:0.08,تشغيلي داخلي / Internal Operational,WAFD ONE — operational reference,,,مرجع تشغيلي داخلي.
كاري أخضر تايلندي,غداء / Lunch,100,تايلندي / Thai,تايلاند,6,صدور دجاج:23 | حليب جوز الهند:11 | معجون كاري:2 | فاصوليا خضراء:5 | فلفل رومي:3 | أرز ياسمين:17,تشغيلي داخلي / Internal Operational,WAFD ONE — operational reference,,,مرجع تشغيلي داخلي.
كاري سمك بنغلاديشي,غداء / Lunch,100,بنغلاديشي / Bangladeshi,بنغلاديش,6,سمك فيليه:25 | بطاطس:8 | طماطم:4 | بصل:4 | كركم:0.25 | فلفل حار:0.5,تشغيلي داخلي / Internal Operational,WAFD ONE — operational reference,,,مرجع تشغيلي داخلي.
كباب تركي مشوي,غداء / Lunch,100,تركي / Turkish,تركيا، البوسنة والهرسك، ألبانيا,6,لحم مفروم:24 | بصل:4 | بقدونس:1 | بابريكا:0.3 | خبز عربي:100 | طماطم:5,رسمي موثق / Official Verified,GoTürkiye — official tourism portal,https://gastronomy.goturkiye.com/turkish-cuisine,2026-08-09,اسم الطبق/النمط مرجعي؛ كميات 100 حصة هي معيار تشغيلي داخلي لـ WAFD وتحتاج اعتماد الشيف والبعثة قبل الإنتاج.
كباب تركي مع أرز,غداء / Lunch,100,تركي,بعثات تركي,7,أرز بسمتي:16 | دجاج كامل مبرد:45 | بصل:4 | طماطم:4 | زيت نباتي:2 | ملح:0.6 | بهارات مشكلة:0.5,تشغيلي داخلي / Internal Operational,WAFD ONE — operational reference,,,مرجع تشغيلي داخلي.
كباب تشابلي,غداء / Lunch,100,باكستاني / Pakistani,باكستان، أفغانستان,6,لحم مفروم:24 | بصل:5 | طماطم:3 | كزبرة خضراء:1 | ذرة مجروشة:2 | فلفل حار:0.4,رسمي موثق / Official Verified,Pakistan Tourism Development Corporation,https://tourism.gov.pk/pakistan.html,2026-08-09,اسم الطبق/النمط مرجعي؛ كميات 100 حصة هي معيار تشغيلي داخلي لـ WAFD وتحتاج اعتماد الشيف والبعثة قبل الإنتاج.
كباب سيخ,غداء / Lunch,100,باكستاني,بعثات باكستاني,7,أرز بسمتي:16 | دجاج كامل مبرد:45 | بصل:4 | طماطم:4 | زيت نباتي:2 | ملح:0.6 | بهارات مشكلة:0.5,تشغيلي داخلي / Internal Operational,WAFD ONE — operational reference,,,مرجع تشغيلي داخلي.
كبسة دجاج,غداء / Lunch,100,عام / General,جميع البعثات,8,أرز بسمتي:18 | دجاج كامل مبرد:50 | بصل:4 | طماطم:5 | معجون طماطم:2 | زيت نباتي:3 | بهارات مشكلة:0.6 | ملح:0.8,رسمي موثق / Official Verified,Visit Saudi — official tourism portal,https://www.visitsaudi.com/content/dam/saudi-tourism/media/guides/saudi-series-culture-english.pdf,2026-08-09,المصدر يثبت اسم/هوية الطبق؛ صيغة وكميات WAFD التشغيلية مستقلة وتحتاج اعتماداً تشغيلياً.
كبسة دجاج سعودية,غداء / Lunch,100,سعودي / Saudi,السعودية، الخليج والعامة,6,أرز بسمتي:18 | دجاج كامل مبرد:50 | بصل:4 | طماطم:5 | بهارات كبسة:0.7 | زيت نباتي:3,رسمي موثق / Official Verified,Visit Saudi — official tourism portal,https://www.visitsaudi.com/content/dam/saudi-tourism/media/guides/saudi-series-culture-english.pdf,2026-08-09,اسم الطبق/النمط مرجعي؛ كميات 100 حصة هي معيار تشغيلي داخلي لـ WAFD وتحتاج اعتماد الشيف والبعثة قبل الإنتاج.
كبسة لحم,غداء / Lunch,100,سعودي / Saudi,السعودية، الخليج والعامة,6,أرز بسمتي:18 | لحم غنم:30 | بصل:4 | طماطم:4 | بهارات كبسة:0.7 | زيت نباتي:2,رسمي موثق / Official Verified,Visit Saudi — official tourism portal,https://www.visitsaudi.com/content/dam/saudi-tourism/media/guides/saudi-series-culture-english.pdf,2026-08-09,اسم الطبق/النمط مرجعي؛ كميات 100 حصة هي معيار تشغيلي داخلي لـ WAFD وتحتاج اعتماد الشيف والبعثة قبل الإنتاج.
كرواسون وجبنة وعصير,إفطار / Breakfast,100,عام / General,جميع البعثات,4,كرواسون:100 | جبنة شرائح:100 | عصير 200 مل:100 | ماء 330 مل:100,تشغيلي داخلي / Internal Operational,WAFD ONE — operational reference,,,مرجع تشغيلي داخلي.
كسرة ولحم سوداني,غداء / Lunch,100,سوداني / Sudanese,السودان,5,دقيق أبيض:12 | لحم بقري:22 | بامية:8 | طماطم:4 | بصل:4,تشغيلي داخلي / Internal Operational,WAFD ONE — operational reference,,,مرجع تشغيلي داخلي.
كسكس بالخضار والدجاج,غداء / Lunch,100,مغاربي / Maghrebi,المغرب، الجزائر، تونس، ليبيا، موريتانيا,7,كسكس:18 | دجاج كامل مبرد:42 | كوسة:6 | جزر:5 | قرع:5 | حمص حب:4 | بصل:4,رسمي موثق / Official Verified,Moroccan National Tourist Office,https://www.visitmorocco.com/en/travel-info/food-drinks,2026-08-09,المصدر يثبت اسم/هوية الطبق؛ صيغة وكميات WAFD التشغيلية مستقلة وتحتاج اعتماداً تشغيلياً.
كسكس بالخضار واللحم,غداء / Lunch,100,مغاربي / Maghrebi,المغرب، الجزائر، تونس، ليبيا، موريتانيا,7,كسكس:18 | لحم بقري:22 | جزر:5 | كوسة:5 | حمص حب:4 | طماطم:4 | بصل:3,رسمي موثق / Official Verified,Moroccan National Tourist Office,https://www.visitmorocco.com/en/travel-info/food-drinks,2026-08-09,اسم الطبق/النمط مرجعي؛ كميات 100 حصة هي معيار تشغيلي داخلي لـ WAFD وتحتاج اعتماد الشيف والبعثة قبل الإنتاج.
كسكس بالدجاج,غداء / Lunch,100,مغاربي,بعثات مغاربي,7,أرز بسمتي:16 | دجاج كامل مبرد:45 | بصل:4 | طماطم:4 | زيت نباتي:2 | ملح:0.6 | بهارات مشكلة:0.5,تشغيلي داخلي / Internal Operational,WAFD ONE — operational reference,,,مرجع تشغيلي داخلي.
كسكس باللحم,غداء / Lunch,100,مغاربي,بعثات مغاربي,7,أرز بسمتي:16 | دجاج كامل مبرد:45 | بصل:4 | طماطم:4 | زيت نباتي:2 | ملح:0.6 | بهارات مشكلة:0.5,تشغيلي داخلي / Internal Operational,WAFD ONE — operational reference,,,مرجع تشغيلي داخلي.
كسكس سنغالي,غداء / Lunch,100,أفريقي,بعثات أفريقي,7,أرز بسمتي:16 | دجاج كامل مبرد:45 | بصل:4 | طماطم:4 | زيت نباتي:2 | ملح:0.6 | بهارات مشكلة:0.5,تشغيلي داخلي / Internal Operational,WAFD ONE — operational reference,,,مرجع تشغيلي داخلي.
كشري,غداء / Lunch,100,مصري / Egyptian,مصر والعامة,6,أرز مصري:12 | مكرونة:6 | عدس أحمر:6 | حمص حب:4 | بصل:5 | معجون طماطم:4,تشغيلي داخلي / Internal Operational,WAFD ONE — operational reference,,,اسم الطبق/النمط مرجعي؛ كميات 100 حصة هي معيار تشغيلي داخلي لـ WAFD وتحتاج اعتماد الشيف والبعثة قبل الإنتاج.
كشري مصري,غداء / Lunch,100,عام / General,جميع البعثات,6,أرز مصري:12 | مكرونة:6 | عدس أحمر:6 | حمص حب:4 | بصل:5 | معجون طماطم:4,تشغيلي داخلي / Internal Operational,WAFD ONE — operational reference,,,مرجع تشغيلي داخلي.
كفتة بالصلصة,غداء / Lunch,100,عربي / Arabic,العرب، تركيا والعامة,6,لحم مفروم:22 | طماطم:5 | بصل:4 | بقدونس:1 | معجون طماطم:2 | بهارات مشكلة:0.5,تشغيلي داخلي / Internal Operational,WAFD ONE — operational reference,,,اسم الطبق/النمط مرجعي؛ كميات 100 حصة هي معيار تشغيلي داخلي لـ WAFD وتحتاج اعتماد الشيف والبعثة قبل الإنتاج.
كفتة بالطحينة,غداء / Lunch,100,عربي,بعثات عربي,7,أرز بسمتي:16 | دجاج كامل مبرد:45 | بصل:4 | طماطم:4 | زيت نباتي:2 | ملح:0.6 | بهارات مشكلة:0.5,تشغيلي داخلي / Internal Operational,WAFD ONE — operational reference,,,مرجع تشغيلي داخلي.
كفتة بوسنية مع أرز,غداء / Lunch,100,بلقاني / Balkan,البوسنة، ألبانيا,6,لحم مفروم:23 | أرز بسمتي:17 | بصل:4 | ثوم:0.7 | بقدونس:1 | بابريكا:0.4,تشغيلي داخلي / Internal Operational,WAFD ONE — operational reference,,,مرجع تشغيلي داخلي.
كفتة تركية,غداء / Lunch,100,تركي,بعثات تركي,7,أرز بسمتي:16 | دجاج كامل مبرد:45 | بصل:4 | طماطم:4 | زيت نباتي:2 | ملح:0.6 | بهارات مشكلة:0.5,تشغيلي داخلي / Internal Operational,WAFD ONE — operational reference,,,مرجع تشغيلي داخلي.
كفتة لحم مع أرز,غداء / Lunch,100,عام / General,جميع البعثات,5,لحم مفروم:22 | أرز بسمتي:17 | بصل:3 | بقدونس:1 | بهارات مشكلة:0.5,تشغيلي داخلي / Internal Operational,WAFD ONE — operational reference,,,مرجع تشغيلي داخلي.
كوتو روتي دجاج,عشاء / Dinner,100,سريلانكي / Sri Lankan,سريلانكا,6,خبز براتا:100 | صدور دجاج:18 | بيض:50 | ملفوف:5 | جزر:4 | كاري بودرة:0.5,رسمي موثق / Official Verified,Sri Lanka Tourism,https://srilanka.travel/food,2026-08-09,اسم الطبق/النمط مرجعي؛ كميات 100 حصة هي معيار تشغيلي داخلي لـ WAFD وتحتاج اعتماد الشيف والبعثة قبل الإنتاج.
كوفي بريك اقتصادي,كوفي بريك / Coffee Break,100,عام / General,جميع البعثات,6,كرواسون:100 | كيك فردي:100 | شاي:300 | قهوة:300 | ماء 330 مل:100 | منديل ورقي:100,تشغيلي داخلي / Internal Operational,WAFD ONE — operational reference,,,مرجع تشغيلي داخلي.
كوفي بريك عالمي,كوفي بريك / Coffee Break,100,موسمي / Seasonal,جميع البعثات,7,أرز بسمتي:16 | دجاج كامل مبرد:45 | بصل:4 | طماطم:4 | زيت نباتي:2 | ملح:0.6 | بهارات مشكلة:0.5,تشغيلي داخلي / Internal Operational,WAFD ONE — operational reference,,,مرجع تشغيلي داخلي.
كوفي بريك عربي,كوفي بريك / Coffee Break,100,موسمي / Seasonal,جميع البعثات,7,أرز بسمتي:16 | دجاج كامل مبرد:45 | بصل:4 | طماطم:4 | زيت نباتي:2 | ملح:0.6 | بهارات مشكلة:0.5,تشغيلي داخلي / Internal Operational,WAFD ONE — operational reference,,,مرجع تشغيلي داخلي.
لاجمان لحم,عشاء / Dinner,100,آسيا الوسطى / Central Asian,أوزبكستان، كازاخستان، قرغيزستان,6,نودلز:15 | لحم بقري:20 | فلفل رومي:4 | طماطم:4 | بصل:3 | جزر:3,رسمي موثق / Official Verified,Uzbekistan Travel — official tourism portal,https://uzbekistan.travel/en/c/uzbek-cuisine/,2026-08-09,المصدر يثبت اسم/هوية الطبق؛ صيغة وكميات WAFD التشغيلية مستقلة وتحتاج اعتماداً تشغيلياً.
لازانيا لحم,غداء / Lunch,100,أوروبي,بعثات أوروبي,7,أرز بسمتي:16 | دجاج كامل مبرد:45 | بصل:4 | طماطم:4 | زيت نباتي:2 | ملح:0.6 | بهارات مشكلة:0.5,تشغيلي داخلي / Internal Operational,WAFD ONE — operational reference,,,مرجع تشغيلي داخلي.
لاكسا دجاج,عشاء / Dinner,100,ماليزي / Malaysian,ماليزيا، سنغافورة,5,نودلز:14 | صدور دجاج:20 | حليب جوز الهند:10 | معجون كاري:2 | فاصوليا خضراء:4,تشغيلي داخلي / Internal Operational,WAFD ONE — operational reference,,,مرجع تشغيلي داخلي.
لحم بامية,غداء / Lunch,100,أفريقي,بعثات أفريقي,7,أرز بسمتي:16 | دجاج كامل مبرد:45 | بصل:4 | طماطم:4 | زيت نباتي:2 | ملح:0.6 | بهارات مشكلة:0.5,تشغيلي داخلي / Internal Operational,WAFD ONE — operational reference,,,مرجع تشغيلي داخلي.
لحم بصوص الفلفل,غداء / Lunch,100,أوروبي,بعثات أوروبي,7,أرز بسمتي:16 | دجاج كامل مبرد:45 | بصل:4 | طماطم:4 | زيت نباتي:2 | ملح:0.6 | بهارات مشكلة:0.5,تشغيلي داخلي / Internal Operational,WAFD ONE — operational reference,,,مرجع تشغيلي داخلي.
مافي لحم بالفول السوداني,غداء / Lunch,100,غرب أفريقي / West African,مالي، السنغال، موريتانيا، غينيا,6,لحم بقري:22 | زبدة فول سوداني:6 | بطاطس:7 | جزر:4 | طماطم:4 | بصل:4,تشغيلي داخلي / Internal Operational,WAFD ONE — operational reference,,,مرجع تشغيلي داخلي.
مانتي,غداء / Lunch,100,آسيا الوسطى / Central Asian,أوزبكستان، تركيا، كازاخستان، قرغيزستان، طاجيكستان، تركمانستان,5,دقيق أبيض:14 | لحم مفروم:20 | بصل:6 | زبادي:8 | فلفل أسود:0.2,رسمي موثق / Official Verified,Uzbekistan Travel — official tourism portal,https://uzbekistan.travel/en/c/uzbek-cuisine/,2026-08-09,اسم الطبق/النمط مرجعي؛ كميات 100 حصة هي معيار تشغيلي داخلي لـ WAFD وتحتاج اعتماد الشيف والبعثة قبل الإنتاج.
متبل باذنجان,غداء / Lunch,100,عام / General,جميع البعثات,5,باذنجان:15 | طحينة:5 | ليمون:3 | ثوم:0.5 | ملح:0.2,تشغيلي داخلي / Internal Operational,WAFD ONE — operational reference,,,مرجع تشغيلي داخلي.
مجبوس دجاج,غداء / Lunch,100,خليجي,بعثات خليجي,7,أرز بسمتي:16 | دجاج كامل مبرد:45 | بصل:4 | طماطم:4 | زيت نباتي:2 | ملح:0.6 | بهارات مشكلة:0.5,تشغيلي داخلي / Internal Operational,WAFD ONE — operational reference,,,مرجع تشغيلي داخلي.
مجبوس دجاج خليجي,غداء / Lunch,100,خليجي / Gulf,الكويت، البحرين، قطر، الإمارات، عمان,7,أرز بسمتي:18 | دجاج كامل مبرد:48 | بصل:4 | طماطم:4 | هيل:0.08 | قرفة:0.1 | بهارات مشكلة:0.6,رسمي موثق / Official Verified,Visit Qatar — official tourism portal,https://visitqatar.com/intl-en/about-qatar/cuisine,2026-08-09,المصدر يثبت اسم/هوية الطبق؛ صيغة وكميات WAFD التشغيلية مستقلة وتحتاج اعتماداً تشغيلياً.
مجبوس لحم,غداء / Lunch,100,خليجي,بعثات خليجي,7,أرز بسمتي:16 | دجاج كامل مبرد:45 | بصل:4 | طماطم:4 | زيت نباتي:2 | ملح:0.6 | بهارات مشكلة:0.5,تشغيلي داخلي / Internal Operational,WAFD ONE — operational reference,,,مرجع تشغيلي داخلي.
مجدرة,غداء / Lunch,100,عربي,بعثات عربي,7,أرز بسمتي:16 | دجاج كامل مبرد:45 | بصل:4 | طماطم:4 | زيت نباتي:2 | ملح:0.6 | بهارات مشكلة:0.5,تشغيلي داخلي / Internal Operational,WAFD ONE — operational reference,,,مرجع تشغيلي داخلي.
محشي خضار,غداء / Lunch,100,عربي,بعثات عربي,7,أرز بسمتي:16 | دجاج كامل مبرد:45 | بصل:4 | طماطم:4 | زيت نباتي:2 | ملح:0.6 | بهارات مشكلة:0.5,تشغيلي داخلي / Internal Operational,WAFD ONE — operational reference,,,مرجع تشغيلي داخلي.
مدروبة سمك,غداء / Lunch,100,إماراتي / Emirati,الإمارات العربية المتحدة، سلطنة عُمان,6,سمك فيليه:22 | أرز بسمتي:12 | طماطم:4 | بصل:4 | كركم:0.2 | كمون:0.2,رسمي موثق / Official Verified,Experience Abu Dhabi — official tourism portal,https://visitabudhabi.ae/en/plan-your-trip/culture-and-traditions/emirati-cuisine,2026-08-09,اسم الطبق/النمط مرجعي؛ كميات 100 حصة هي معيار تشغيلي داخلي لـ WAFD وتحتاج اعتماد الشيف والبعثة قبل الإنتاج.
مرقوق,غداء / Lunch,100,خليجي,بعثات خليجي,7,أرز بسمتي:16 | دجاج كامل مبرد:45 | بصل:4 | طماطم:4 | زيت نباتي:2 | ملح:0.6 | بهارات مشكلة:0.5,تشغيلي داخلي / Internal Operational,WAFD ONE — operational reference,,,مرجع تشغيلي داخلي.
مسخن دجاج,غداء / Lunch,100,فلسطيني / Palestinian,فلسطين، الأردن,5,دجاج كامل مبرد:45 | خبز عربي:100 | بصل:12 | زيت نباتي:3 | بهارات مشكلة:0.5,تشغيلي داخلي / Internal Operational,WAFD ONE — operational reference,,,مرجع تشغيلي داخلي.
مقرونة تونسية,غداء / Lunch,100,مغاربي,بعثات مغاربي,7,أرز بسمتي:16 | دجاج كامل مبرد:45 | بصل:4 | طماطم:4 | زيت نباتي:2 | ملح:0.6 | بهارات مشكلة:0.5,تشغيلي داخلي / Internal Operational,WAFD ONE — operational reference,,,مرجع تشغيلي داخلي.
مقرونة تونسية بالدجاج,غداء / Lunch,100,تونسي / Tunisian,تونس، ليبيا,6,مكرونة:16 | صدور دجاج:22 | معجون طماطم:4 | فلفل حار:0.4 | بصل:3 | ثوم:0.8,تشغيلي داخلي / Internal Operational,WAFD ONE — operational reference,,,مرجع تشغيلي داخلي.
مقلوبة دجاج,غداء / Lunch,100,عام / General,جميع البعثات,6,أرز بسمتي:18 | دجاج كامل مبرد:45 | باذنجان:10 | بطاطس:8 | بصل:3 | بهارات مشكلة:0.5,رسمي موثق / Official Verified,Visit Jordan — official tourism portal,https://edutravel.visitjordan.com/en/page/79/Food-and-Drinks,2026-08-09,المصدر يثبت اسم/هوية الطبق؛ صيغة وكميات WAFD التشغيلية مستقلة وتحتاج اعتماداً تشغيلياً.
مكبوس سمك,غداء / Lunch,100,خليجي,بعثات خليجي,7,أرز بسمتي:16 | دجاج كامل مبرد:45 | بصل:4 | طماطم:4 | زيت نباتي:2 | ملح:0.6 | بهارات مشكلة:0.5,تشغيلي داخلي / Internal Operational,WAFD ONE — operational reference,,,مرجع تشغيلي داخلي.
مكرونة ألفريدو,غداء / Lunch,100,أوروبي,بعثات أوروبي,7,أرز بسمتي:16 | دجاج كامل مبرد:45 | بصل:4 | طماطم:4 | زيت نباتي:2 | ملح:0.6 | بهارات مشكلة:0.5,تشغيلي داخلي / Internal Operational,WAFD ONE — operational reference,,,مرجع تشغيلي داخلي.
مكرونة بالدجاج,عشاء / Dinner,100,عام / General,جميع البعثات,7,مكرونة:16 | صدور دجاج:22 | طماطم:4 | بصل:3 | معجون طماطم:3 | زيت نباتي:2 | فلفل رومي:3,تشغيلي داخلي / Internal Operational,WAFD ONE — operational reference,,,مرجع تشغيلي داخلي.
مكرونة باللحم المفروم,عشاء / Dinner,100,عام / General,جميع البعثات,6,مكرونة:16 | لحم مفروم:18 | طماطم:4 | بصل:3 | معجون طماطم:3 | زيت نباتي:2,تشغيلي داخلي / Internal Operational,WAFD ONE — operational reference,,,مرجع تشغيلي داخلي.
مكرونة بولونيز,غداء / Lunch,100,أوروبي,بعثات أوروبي,7,أرز بسمتي:16 | دجاج كامل مبرد:45 | بصل:4 | طماطم:4 | زيت نباتي:2 | ملح:0.6 | بهارات مشكلة:0.5,تشغيلي داخلي / Internal Operational,WAFD ONE — operational reference,,,مرجع تشغيلي داخلي.
مكرونة مبكبكة,غداء / Lunch,100,ليبي / Libyan,ليبيا,6,مكرونة:16 | لحم بقري:20 | طماطم:5 | معجون طماطم:3 | بصل:4 | فلفل حار:0.4,تشغيلي داخلي / Internal Operational,WAFD ONE — operational reference,,,اسم الطبق/النمط مرجعي؛ كميات 100 حصة هي معيار تشغيلي داخلي لـ WAFD وتحتاج اعتماد الشيف والبعثة قبل الإنتاج.
ملوخية بالدجاج,غداء / Lunch,100,عام / General,جميع البعثات,5,دجاج كامل مبرد:45 | ثوم:1 | كزبرة خضراء:1 | أرز بسمتي:17 | زيت نباتي:1,تشغيلي داخلي / Internal Operational,WAFD ONE — operational reference,,,مرجع تشغيلي داخلي.
مندي دجاج,غداء / Lunch,100,عام / General,جميع البعثات,7,أرز بسمتي:18 | دجاج كامل مبرد:50 | زيت نباتي:2 | بصل:3 | بهارات مشكلة:0.6 | هيل:0.08 | ملح:0.8,تشغيلي داخلي / Internal Operational,WAFD ONE — operational reference,,,مرجع تشغيلي داخلي.
مندي لحم,غداء / Lunch,100,يمني / Yemeni,اليمن، الخليج والعامة,6,أرز بسمتي:18 | لحم غنم:30 | بصل:4 | بهارات مندي:0.7 | هيل:0.08 | زيت نباتي:2,تشغيلي داخلي / Internal Operational,WAFD ONE — operational reference,,,اسم الطبق/النمط مرجعي؛ كميات 100 حصة هي معيار تشغيلي داخلي لـ WAFD وتحتاج اعتماد الشيف والبعثة قبل الإنتاج.
منسف لحم,غداء / Lunch,100,أردني / Jordanian,الأردن,5,لحم غنم:28 | أرز بسمتي:18 | زبادي:25 | لوز:1.5 | خبز عربي:100,تشغيلي داخلي / Internal Operational,WAFD ONE — operational reference,,,مرجع تشغيلي داخلي.
مي جورينج,غداء / Lunch,100,إندونيسي,بعثات إندونيسي,7,أرز بسمتي:16 | دجاج كامل مبرد:45 | بصل:4 | طماطم:4 | زيت نباتي:2 | ملح:0.6 | بهارات مشكلة:0.5,تشغيلي داخلي / Internal Operational,WAFD ONE — operational reference,,,مرجع تشغيلي داخلي.
ناسي توماتو,غداء / Lunch,100,ماليزي / Malaysian,ماليزيا,6,أرز ياسمين:18 | صلصة طماطم جاهزة:5 | طماطم:4 | بصل:4 | قرفة عيدان:0.05 | صدور دجاج:20,رسمي موثق / Official Verified,Tourism Malaysia,https://www.malaysia.travel/explore/malaysian-food-52-top-picks-you-shouldn-t-miss,2026-08-09,اسم الطبق/النمط مرجعي؛ كميات 100 حصة هي معيار تشغيلي داخلي لـ WAFD وتحتاج اعتماد الشيف والبعثة قبل الإنتاج.
ناسي جورينج,غداء / Lunch,100,إندونيسي,بعثات إندونيسي,7,أرز بسمتي:16 | دجاج كامل مبرد:45 | بصل:4 | طماطم:4 | زيت نباتي:2 | ملح:0.6 | بهارات مشكلة:0.5,تشغيلي داخلي / Internal Operational,WAFD ONE — operational reference,,,مرجع تشغيلي داخلي.
ناسي غورينغ,غداء / Lunch,100,إندونيسي / Indonesian,إندونيسيا، ماليزيا,7,أرز ياسمين:18 | صدور دجاج:15 | بيض:50 | صلصة صويا:3 | جزر:3 | بصل:3 | فلفل حار:0.4,رسمي موثق / Official Verified,Indonesia Travel — official tourism portal,https://www.indonesia.travel/sa/ar/travel-ideas/gastronomy/the-ultimate-guide-to-must-try-indonesian-food,2026-08-09,المصدر يثبت اسم/هوية الطبق؛ صيغة وكميات WAFD التشغيلية مستقلة وتحتاج اعتماداً تشغيلياً.
ناسي ليماك,إفطار / Breakfast,100,ماليزي / Malaysian,ماليزيا، سنغافورة,6,أرز ياسمين:16 | حليب جوز الهند:8 | بيض:100 | فول سوداني:4 | خيار:5 | فلفل حار:0.4,رسمي موثق / Official Verified,Tourism Malaysia,https://www.malaysia.travel/explore/malaysian-food-52-top-picks-you-shouldn-t-miss,2026-08-09,اسم الطبق/النمط مرجعي؛ كميات 100 حصة هي معيار تشغيلي داخلي لـ WAFD وتحتاج اعتماد الشيف والبعثة قبل الإنتاج.
نهاري لحم,غداء / Lunch,100,باكستاني / Pakistani,باكستان، بنغلاديش,7,لحم بقري:25 | بصل:5 | دقيق أبيض:2 | زنجبيل:1 | ثوم:1 | بهارات مشكلة:0.8 | خبز نان:100,تشغيلي داخلي / Internal Operational,WAFD ONE — operational reference,,,مرجع تشغيلي داخلي.
نودلز بالدجاج,غداء / Lunch,100,آسيوي,بعثات آسيوي,7,أرز بسمتي:16 | دجاج كامل مبرد:45 | بصل:4 | طماطم:4 | زيت نباتي:2 | ملح:0.6 | بهارات مشكلة:0.5,تشغيلي داخلي / Internal Operational,WAFD ONE — operational reference,,,مرجع تشغيلي داخلي.
نودلز دجاج بالخضار,عشاء / Dinner,100,آسيوي / Asian,الصين، الفلبين، سنغافورة، تايلاند,6,نودلز:15 | صدور دجاج:18 | ملفوف:5 | جزر:4 | فلفل رومي:3 | صلصة صويا:3,تشغيلي داخلي / Internal Operational,WAFD ONE — operational reference,,,مرجع تشغيلي داخلي.
نودلز صينية بالخضار,غداء / Lunch,100,صيني / Chinese,الصين، سنغافورة,6,نودلز:16 | بروكلي:5 | جزر:4 | فلفل رومي:4 | صلصة صويا:3 | زيت نباتي:2,رسمي موثق / Official Verified,Xi'an Municipal Government — Dining,https://en.xa.gov.cn/CultureTravel/Dining/1691691507897716737.html,2026-08-09,اسم الطبق/النمط مرجعي؛ كميات 100 حصة هي معيار تشغيلي داخلي لـ WAFD وتحتاج اعتماد الشيف والبعثة قبل الإنتاج.
نيهاري لحم,غداء / Lunch,100,باكستاني,بعثات باكستاني,7,أرز بسمتي:16 | دجاج كامل مبرد:45 | بصل:4 | طماطم:4 | زيت نباتي:2 | ملح:0.6 | بهارات مشكلة:0.5,تشغيلي داخلي / Internal Operational,WAFD ONE — operational reference,,,مرجع تشغيلي داخلي.
هريس,غداء / Lunch,100,خليجي,بعثات خليجي,7,أرز بسمتي:16 | دجاج كامل مبرد:45 | بصل:4 | طماطم:4 | زيت نباتي:2 | ملح:0.6 | بهارات مشكلة:0.5,تشغيلي داخلي / Internal Operational,WAFD ONE — operational reference,,,مرجع تشغيلي داخلي.
هريس دجاج خليجي,عشاء / Dinner,100,خليجي / Gulf,الإمارات، عمان، قطر، البحرين,5,برغل:15 | صدور دجاج:22 | زبدة:2 | قرفة:0.08 | ملح:0.5,رسمي موثق / Official Verified,Experience Abu Dhabi — official tourism portal,https://visitabudhabi.ae/en/plan-your-trip/culture-and-traditions/emirati-cuisine,2026-08-09,المصدر يثبت اسم/هوية الطبق؛ صيغة وكميات WAFD التشغيلية مستقلة وتحتاج اعتماداً تشغيلياً.
هوبرز سريلانكية,إفطار / Breakfast,100,سريلانكي / Sri Lankan,سريلانكا,5,أرز بسمتي:10 | حليب جوز الهند:8 | بيض:100 | سكر:1 | ملح:0.3,رسمي موثق / Official Verified,Sri Lanka Tourism,https://srilanka.travel/food,2026-08-09,اسم الطبق/النمط مرجعي؛ كميات 100 حصة هي معيار تشغيلي داخلي لـ WAFD وتحتاج اعتماد الشيف والبعثة قبل الإنتاج.
وجبة إفطار صائم الأساسية,إفطار صائم / Iftar,100,عام / General,جميع البعثات,8,لبن:100 | تمر سكري:2.5 | ماء 330 مل:100 | دقة مدينية:5000 | خبز عربي:100 | ملعقة بلاستيك:100 | منديل معطر:100 | علبة إفطار صائم:100,تشغيلي داخلي / Internal Operational,WAFD ONE — operational reference,,,مرجع تشغيلي داخلي.
وجبة إفطار صائم المسجد النبوي,إفطار رمضان / Ramadan Iftar,100,مدني / Madinah,جميع الجنسيات,8,لبن:100 | تمر سكري:2.5 | ماء 330 مل:100 | دقة مدينية:5000 | خبز عربي:100 | ملعقة بلاستيك:100 | منديل معطر:100 | علبة إفطار صائم:100,تشغيلي داخلي / Internal Operational,الهيئة العامة للغذاء والدواء السعودية (SFDA),https://www.sfda.gov.sa/ar/HajjAndOmrah,2026-08-09,مرجع تشغيل لإفطار صائم؛ لا يضيف الغلاف الخارجي الخاص بالمشاريع الخارجية. اسم الطبق/النمط مرجعي؛ كميات 100 حصة هي معيار تشغيلي داخلي لـ WAFD وتحتاج اعتماد الشيف والبعثة قبل الإنتاج.
وجبة إفطار صائم مسجد القبلتين,إفطار رمضان / Ramadan Iftar,100,مدني / Madinah,جميع الجنسيات,8,لبن:100 | تمر سكري:2.5 | ماء 330 مل:100 | دقة مدينية:5000 | خبز عربي:100 | ملعقة بلاستيك:100 | منديل معطر:100 | علبة إفطار صائم:100,تشغيلي داخلي / Internal Operational,الهيئة العامة للغذاء والدواء السعودية (SFDA),https://www.sfda.gov.sa/ar/HajjAndOmrah,2026-08-09,اسم الطبق/النمط مرجعي؛ كميات 100 حصة هي معيار تشغيلي داخلي لـ WAFD وتحتاج اعتماد الشيف والبعثة قبل الإنتاج.
وجبة إفطار صائم مسجد قباء,إفطار رمضان / Ramadan Iftar,100,مدني / Madinah,جميع الجنسيات,8,لبن:100 | تمر سكري:2.5 | ماء 330 مل:100 | دقة مدينية:5000 | خبز عربي:100 | ملعقة بلاستيك:100 | منديل معطر:100 | علبة إفطار صائم:100,تشغيلي داخلي / Internal Operational,الهيئة العامة للغذاء والدواء السعودية (SFDA),https://www.sfda.gov.sa/ar/HajjAndOmrah,2026-08-09,اسم الطبق/النمط مرجعي؛ كميات 100 حصة هي معيار تشغيلي داخلي لـ WAFD وتحتاج اعتماد الشيف والبعثة قبل الإنتاج.
وجبة إفطار صائم مطورة,إفطار صائم / Iftar,100,عام / General,جميع البعثات,9,لبن:100 | تمر سكري:3 | ماء 330 مل:100 | دقة مدينية:5000 | خبز عربي:100 | سمبوسة خضار:100 | ملعقة بلاستيك:100 | منديل معطر:100 | علبة إفطار صائم:100,تشغيلي داخلي / Internal Operational,WAFD ONE — operational reference,,,مرجع تشغيلي داخلي.
وجبة إفطار صائم ميقات ذي الحليفة,إفطار رمضان / Ramadan Iftar,100,مدني / Madinah,جميع الجنسيات,8,لبن:100 | تمر سكري:2.5 | ماء 330 مل:100 | دقة مدينية:5000 | خبز عربي:100 | ملعقة بلاستيك:100 | منديل معطر:100 | علبة إفطار صائم:100,تشغيلي داخلي / Internal Operational,الهيئة العامة للغذاء والدواء السعودية (SFDA),https://www.sfda.gov.sa/ar/HajjAndOmrah,2026-08-09,اسم الطبق/النمط مرجعي؛ كميات 100 حصة هي معيار تشغيلي داخلي لـ WAFD وتحتاج اعتماد الشيف والبعثة قبل الإنتاج.
وجبة استقبال رز ودجاج,غداء / Lunch,100,عام / General,جميع البعثات,8,أرز بسمتي:18 | دجاج كامل مبرد:50 | كيك فردي:100 | عصير 200 مل:100 | ماء 330 مل:100 | ملعقة بلاستيك:100 | منديل معطر:100 | علبة وجبة رئيسية:100,تشغيلي داخلي / Internal Operational,WAFD ONE — operational reference,,,مرجع تشغيلي داخلي.
وجبة ترحيبية VIP,وجبة ترحيبية / Welcome Meal,100,عالمي / International,جميع البعثات,6,أرز بسمتي:17 | دجاج كامل مبرد:45 | ماء 330 مل:100 | عصير برتقال 200 مل:100 | كيك فردي:100 | علبة وجبة رئيسية:100,تشغيلي داخلي / Internal Operational,WAFD ONE — operational reference,,,اسم الطبق/النمط مرجعي؛ كميات 100 حصة هي معيار تشغيلي داخلي لـ WAFD وتحتاج اعتماد الشيف والبعثة قبل الإنتاج.
وجبة ترحيبية إفريقية,وجبة ترحيبية / Welcome Meal,100,إفريقي / African,البعثات الإفريقية,6,أرز بسمتي:18 | دجاج كامل مبرد:42 | طماطم:5 | بصل:4 | ماء 330 مل:100 | علبة وجبة رئيسية:100,تشغيلي داخلي / Internal Operational,WAFD ONE — operational reference,,,اسم الطبق/النمط مرجعي؛ كميات 100 حصة هي معيار تشغيلي داخلي لـ WAFD وتحتاج اعتماد الشيف والبعثة قبل الإنتاج.
وجبة ترحيبية إندونيسية,وجبة ترحيبية / Welcome Meal,100,إندونيسي / Indonesian,إندونيسيا,6,أرز ياسمين:18 | صدور دجاج:20 | صلصة صويا:2 | خيار:4 | ماء 330 مل:100 | علبة وجبة رئيسية:100,رسمي موثق / Official Verified,Indonesia Travel — official tourism portal,https://www.indonesia.travel/sa/ar/travel-ideas/gastronomy/the-ultimate-guide-to-must-try-indonesian-food,2026-08-09,اسم الطبق/النمط مرجعي؛ كميات 100 حصة هي معيار تشغيلي داخلي لـ WAFD وتحتاج اعتماد الشيف والبعثة قبل الإنتاج.
وجبة ترحيبية باكستانية,وجبة ترحيبية / Welcome Meal,100,باكستاني / Pakistani,باكستان,6,أرز بسمتي:18 | دجاج كامل مبرد:42 | بهارات برياني:0.7 | زبادي:8 | ماء 330 مل:100 | علبة وجبة رئيسية:100,رسمي موثق / Official Verified,Pakistan Tourism Development Corporation,https://tourism.gov.pk/pakistan.html,2026-08-09,اسم الطبق/النمط مرجعي؛ كميات 100 حصة هي معيار تشغيلي داخلي لـ WAFD وتحتاج اعتماد الشيف والبعثة قبل الإنتاج.
وجبة ترحيبية عربية,وجبة ترحيبية / Welcome Meal,100,عربي / Arabic,البعثات العربية,6,أرز بسمتي:18 | دجاج كامل مبرد:45 | حمص حب:5 | خبز عربي:100 | ماء 330 مل:100 | علبة وجبة رئيسية:100,تشغيلي داخلي / Internal Operational,WAFD ONE — operational reference,,,اسم الطبق/النمط مرجعي؛ كميات 100 حصة هي معيار تشغيلي داخلي لـ WAFD وتحتاج اعتماد الشيف والبعثة قبل الإنتاج.
وجبة ترحيبية ماليزية,وجبة ترحيبية / Welcome Meal,100,ماليزي / Malaysian,ماليزيا,6,أرز ياسمين:17 | صدور دجاج:20 | حليب جوز الهند:5 | فول سوداني:3 | ماء 330 مل:100 | علبة وجبة رئيسية:100,رسمي موثق / Official Verified,Tourism Malaysia,https://www.malaysia.travel/explore/malaysian-food-52-top-picks-you-shouldn-t-miss,2026-08-09,اسم الطبق/النمط مرجعي؛ كميات 100 حصة هي معيار تشغيلي داخلي لـ WAFD وتحتاج اعتماد الشيف والبعثة قبل الإنتاج.
وجبة ترحيبية هندية,وجبة ترحيبية / Welcome Meal,100,هندي / Indian,الهند,6,أرز بسمتي:18 | صدور دجاج:22 | كاري بودرة:0.6 | زبادي:8 | ماء 330 مل:100 | علبة وجبة رئيسية:100,رسمي موثق / Official Verified,Incredible India — Ministry of Tourism,https://www.prod.incredibleindia.gov.in/content/incredible-india-v2/en/destinations/delhi/food-and-cuisine.html,2026-08-09,اسم الطبق/النمط مرجعي؛ كميات 100 حصة هي معيار تشغيلي داخلي لـ WAFD وتحتاج اعتماد الشيف والبعثة قبل الإنتاج.
وجبة حج اقتصادية,غداء / Lunch,100,موسمي / Seasonal,جميع البعثات,7,أرز بسمتي:16 | دجاج كامل مبرد:45 | بصل:4 | طماطم:4 | زيت نباتي:2 | ملح:0.6 | بهارات مشكلة:0.5,تشغيلي داخلي / Internal Operational,WAFD ONE — operational reference,,,مرجع تشغيلي داخلي.
وجبة حج فاخرة,غداء / Lunch,100,موسمي / Seasonal,جميع البعثات,7,أرز بسمتي:16 | دجاج كامل مبرد:45 | بصل:4 | طماطم:4 | زيت نباتي:2 | ملح:0.6 | بهارات مشكلة:0.5,تشغيلي داخلي / Internal Operational,WAFD ONE — operational reference,,,مرجع تشغيلي داخلي.
وجبة رمضان اقتصادية,إفطار صائم / Iftar,100,موسمي / Seasonal,جميع البعثات,7,أرز بسمتي:16 | دجاج كامل مبرد:45 | بصل:4 | طماطم:4 | زيت نباتي:2 | ملح:0.6 | بهارات مشكلة:0.5,تشغيلي داخلي / Internal Operational,WAFD ONE — operational reference,,,مرجع تشغيلي داخلي.
وجبة رمضان فاخرة,إفطار صائم / Iftar,100,موسمي / Seasonal,جميع البعثات,7,أرز بسمتي:16 | دجاج كامل مبرد:45 | بصل:4 | طماطم:4 | زيت نباتي:2 | ملح:0.6 | بهارات مشكلة:0.5,تشغيلي داخلي / Internal Operational,WAFD ONE — operational reference,,,مرجع تشغيلي داخلي.
وجبة عمرة استقبال,عشاء / Dinner,100,موسمي / Seasonal,جميع البعثات,7,أرز بسمتي:16 | دجاج كامل مبرد:45 | بصل:4 | طماطم:4 | زيت نباتي:2 | ملح:0.6 | بهارات مشكلة:0.5,تشغيلي داخلي / Internal Operational,WAFD ONE — operational reference,,,مرجع تشغيلي داخلي.
وجبة فواكه فردية,وجبة خفيفة / Snack,100,عام / General,جميع البعثات,5,موز:12 | تفاح:12 | برتقال:12 | ماء 330 مل:100 | كيس ورقي:100,تشغيلي داخلي / Internal Operational,WAFD ONE — operational reference,,,مرجع تشغيلي داخلي.
وجبة مؤتمر اقتصادية,غداء / Lunch,100,موسمي / Seasonal,جميع البعثات,7,أرز بسمتي:16 | دجاج كامل مبرد:45 | بصل:4 | طماطم:4 | زيت نباتي:2 | ملح:0.6 | بهارات مشكلة:0.5,تشغيلي داخلي / Internal Operational,WAFD ONE — operational reference,,,مرجع تشغيلي داخلي.
وجبة مؤتمر فاخرة,غداء / Lunch,100,موسمي / Seasonal,جميع البعثات,7,أرز بسمتي:16 | دجاج كامل مبرد:45 | بصل:4 | طماطم:4 | زيت نباتي:2 | ملح:0.6 | بهارات مشكلة:0.5,تشغيلي داخلي / Internal Operational,WAFD ONE — operational reference,,,مرجع تشغيلي داخلي.
وجبة مدرسية متوازنة,غداء / Lunch,100,موسمي / Seasonal,جميع البعثات,7,أرز بسمتي:16 | دجاج كامل مبرد:45 | بصل:4 | طماطم:4 | زيت نباتي:2 | ملح:0.6 | بهارات مشكلة:0.5,تشغيلي داخلي / Internal Operational,WAFD ONE — operational reference,,,مرجع تشغيلي داخلي.
وجبة مستشفى خفيفة,غداء / Lunch,100,موسمي / Seasonal,جميع البعثات,7,أرز بسمتي:16 | دجاج كامل مبرد:45 | بصل:4 | طماطم:4 | زيت نباتي:2 | ملح:0.6 | بهارات مشكلة:0.5,تشغيلي داخلي / Internal Operational,WAFD ONE — operational reference,,,مرجع تشغيلي داخلي.
يخنة لحم بالخضار,غداء / Lunch,100,عام / General,جميع البعثات,6,لحم بقري:22 | بطاطس:10 | جزر:5 | كوسة:5 | طماطم:4 | بصل:3,تشغيلي داخلي / Internal Operational,WAFD ONE — operational reference,,,مرجع تشغيلي داخلي.
