hotel_name,hotel_name_en,central_map_number,central_sector,city,district,zone_type,proximity_band,distance_to_haram_km,source_authority,source_url,source_map_edition,verification_status,source_notes,hotel_name_ar,bilingual_name_method
منار المنورة,Manar Al Munawwarah,422,400,المدينة المنورة,المنطقة المركزية,المنطقة المركزية / Central Zone,داخل المنطقة المركزية / Central Area,0,المخطط الإرشادي للمسجد النبوي ومرافقه وفنادق المنطقة المركزية,,1448هـ / 2026م,رسمي موثق / Official Verified,تمت مطابقة الاسم ورقم الموقع من المخطط المرفق؛ الترخيص التجاري يحتاج تحققًا مستقلاً,منار المنورة,Existing verified English name
منازل الأسواق,Manazil Al Aswaq,431,400,المدينة المنورة,المنطقة المركزية,المنطقة المركزية / Central Zone,داخل المنطقة المركزية / Central Area,0,المخطط الإرشادي للمسجد النبوي ومرافقه وفنادق المنطقة المركزية,,1448هـ / 2026م,رسمي موثق / Official Verified,تمت مطابقة الاسم ورقم الموقع من المخطط المرفق؛ الترخيص التجاري يحتاج تحققًا مستقلاً,منازل الأسواق,Existing verified English name
منازل التقوى,Manazil Al Taqwa,363,300,المدينة المنورة,المنطقة المركزية,المنطقة المركزية / Central Zone,داخل المنطقة المركزية / Central Area,0,المخطط الإرشادي للمسجد النبوي ومرافقه وفنادق المنطقة المركزية,,1448هـ / 2026م,رسمي موثق / Official Verified,تمت مطابقة الاسم ورقم الموقع من المخطط المرفق؛ الترخيص التجاري يحتاج تحققًا مستقلاً,منازل التقوى,Existing verified English name
منازل الحسن - زوار,Manazil Al Hsn Zwar Hotel,230,200,المدينة المنورة,المنطقة المركزية,المنطقة المركزية / Central Zone,داخل المنطقة المركزية / Central Area,0,المخطط الإرشادي للمسجد النبوي ومرافقه وفنادق المنطقة المركزية,,1448هـ / 2026م,رسمي موثق / Official Verified,تمت مطابقة الاسم ورقم الموقع من المخطط المرفق؛ الترخيص التجاري يحتاج تحققًا مستقلاً,منازل الحسن - زوار,Standardized transliteration from official-map Arabic name
منازل الرحمة,Manazil Al Rhma Hotel,307,300,المدينة المنورة,المنطقة المركزية,المنطقة المركزية / Central Zone,داخل المنطقة المركزية / Central Area,0,المخطط الإرشادي للمسجد النبوي ومرافقه وفنادق المنطقة المركزية,,1448هـ / 2026م,رسمي موثق / Official Verified,تمت مطابقة الاسم ورقم الموقع من المخطط المرفق؛ الترخيص التجاري يحتاج تحققًا مستقلاً,منازل الرحمة,Standardized transliteration from official-map Arabic name
منازل الزهراء - زوار,Manazil Al Zhra' Zwar Hotel,231,200,المدينة المنورة,المنطقة المركزية,المنطقة المركزية / Central Zone,داخل المنطقة المركزية / Central Area,0,المخطط الإرشادي للمسجد النبوي ومرافقه وفنادق المنطقة المركزية,,1448هـ / 2026م,رسمي موثق / Official Verified,تمت مطابقة الاسم ورقم الموقع من المخطط المرفق؛ الترخيص التجاري يحتاج تحققًا مستقلاً,منازل الزهراء - زوار,Standardized transliteration from official-map Arabic name
منازل الصادق - زوار,Manazil Al Sadq Zwar Hotel,302,300,المدينة المنورة,المنطقة المركزية,المنطقة المركزية / Central Zone,داخل المنطقة المركزية / Central Area,0,المخطط الإرشادي للمسجد النبوي ومرافقه وفنادق المنطقة المركزية,,1448هـ / 2026م,رسمي موثق / Official Verified,تمت مطابقة الاسم ورقم الموقع من المخطط المرفق؛ الترخيص التجاري يحتاج تحققًا مستقلاً,منازل الصادق - زوار,Standardized transliteration from official-map Arabic name
منازل الصافية - زوار,Manazil Al Safia Zwar Hotel,418,400,المدينة المنورة,المنطقة المركزية,المنطقة المركزية / Central Zone,داخل المنطقة المركزية / Central Area,0,المخطط الإرشادي للمسجد النبوي ومرافقه وفنادق المنطقة المركزية,,1448هـ / 2026م,رسمي موثق / Official Verified,تمت مطابقة الاسم ورقم الموقع من المخطط المرفق؛ الترخيص التجاري يحتاج تحققًا مستقلاً,منازل الصافية - زوار,Standardized transliteration from official-map Arabic name
منازل الفلاح الذهبي,Manazil Al Flah Golden Hotel,304,300,المدينة المنورة,المنطقة المركزية,المنطقة المركزية / Central Zone,داخل المنطقة المركزية / Central Area,0,المخطط الإرشادي للمسجد النبوي ومرافقه وفنادق المنطقة المركزية,,1448هـ / 2026م,رسمي موثق / Official Verified,تمت مطابقة الاسم ورقم الموقع من المخطط المرفق؛ الترخيص التجاري يحتاج تحققًا مستقلاً,منازل الفلاح الذهبي,Standardized transliteration from official-map Arabic name
منازل المدينة - زوار,Manazil Madinah Zwar Hotel,415,400,المدينة المنورة,المنطقة المركزية,المنطقة المركزية / Central Zone,داخل المنطقة المركزية / Central Area,0,المخطط الإرشادي للمسجد النبوي ومرافقه وفنادق المنطقة المركزية,,1448هـ / 2026م,رسمي موثق / Official Verified,تمت مطابقة الاسم ورقم الموقع من المخطط المرفق؛ الترخيص التجاري يحتاج تحققًا مستقلاً,منازل المدينة - زوار,Standardized transliteration from official-map Arabic name
مياس,Myas Hotel,203,200,المدينة المنورة,المنطقة المركزية,المنطقة المركزية / Central Zone,داخل المنطقة المركزية / Central Area,0,المخطط الإرشادي للمسجد النبوي ومرافقه وفنادق المنطقة المركزية,,1448هـ / 2026م,رسمي موثق / Official Verified,تمت مطابقة الاسم ورقم الموقع من المخطط المرفق؛ الترخيص التجاري يحتاج تحققًا مستقلاً,مياس,Standardized transliteration from official-map Arabic name
مجمار,Mjmar Hotel,303,300,المدينة المنورة,المنطقة المركزية,المنطقة المركزية / Central Zone,داخل المنطقة المركزية / Central Area,0,المخطط الإرشادي للمسجد النبوي ومرافقه وفنادق المنطقة المركزية,,1448هـ / 2026م,رسمي موثق / Official Verified,تمت مطابقة الاسم ورقم الموقع من المخطط المرفق؛ الترخيص التجاري يحتاج تحققًا مستقلاً,مجمار,Standardized transliteration from official-map Arabic name
ميسان التقوى,Mysan Al Taqwa Hotel,396,300,المدينة المنورة,المنطقة المركزية,المنطقة المركزية / Central Zone,داخل المنطقة المركزية / Central Area,0,المخطط الإرشادي للمسجد النبوي ومرافقه وفنادق المنطقة المركزية,,1448هـ / 2026م,رسمي موثق / Official Verified,تمت مطابقة الاسم ورقم الموقع من المخطط المرفق؛ الترخيص التجاري يحتاج تحققًا مستقلاً,ميسان التقوى,Standardized transliteration from official-map Arabic name
ميسان الحارثية,Mysan Al Harithia Hotel,155,100,المدينة المنورة,المنطقة المركزية,المنطقة المركزية / Central Zone,داخل المنطقة المركزية / Central Area,0,المخطط الإرشادي للمسجد النبوي ومرافقه وفنادق المنطقة المركزية,,1448هـ / 2026م,رسمي موثق / Official Verified,تمت مطابقة الاسم ورقم الموقع من المخطط المرفق؛ الترخيص التجاري يحتاج تحققًا مستقلاً,ميسان الحارثية,Standardized transliteration from official-map Arabic name
ميسان رحاب المسك,Mysan Rhab Al Msk Hotel,234,200,المدينة المنورة,المنطقة المركزية,المنطقة المركزية / Central Zone,داخل المنطقة المركزية / Central Area,0,المخطط الإرشادي للمسجد النبوي ومرافقه وفنادق المنطقة المركزية,,1448هـ / 2026م,رسمي موثق / Official Verified,تمت مطابقة الاسم ورقم الموقع من المخطط المرفق؛ الترخيص التجاري يحتاج تحققًا مستقلاً,ميسان رحاب المسك,Standardized transliteration from official-map Arabic name
ميلينيوم العقيق,Millennium Al Aqeeq Hotel,154,100,المدينة المنورة,المنطقة المركزية,المنطقة المركزية / Central Zone,داخل المنطقة المركزية / Central Area,0,المخطط الإرشادي للمسجد النبوي ومرافقه وفنادق المنطقة المركزية,,1448هـ / 2026م,رسمي موثق / Official Verified,تمت مطابقة الاسم ورقم الموقع من المخطط المرفق؛ الترخيص التجاري يحتاج تحققًا مستقلاً,ميلينيوم العقيق,Standardized transliteration from official-map Arabic name
ميلينيوم طيبة,Millennium Taiba Hotel,371,300,المدينة المنورة,المنطقة المركزية,المنطقة المركزية / Central Zone,داخل المنطقة المركزية / Central Area,0,المخطط الإرشادي للمسجد النبوي ومرافقه وفنادق المنطقة المركزية,,1448هـ / 2026م,رسمي موثق / Official Verified,تمت مطابقة الاسم ورقم الموقع من المخطط المرفق؛ الترخيص التجاري يحتاج تحققًا مستقلاً,ميلينيوم طيبة,Standardized transliteration from official-map Arabic name
نجوم المدينة,Njwm Madinah Hotel,374,300,المدينة المنورة,المنطقة المركزية,المنطقة المركزية / Central Zone,داخل المنطقة المركزية / Central Area,0,المخطط الإرشادي للمسجد النبوي ومرافقه وفنادق المنطقة المركزية,,1448هـ / 2026م,رسمي موثق / Official Verified,تمت مطابقة الاسم ورقم الموقع من المخطط المرفق؛ الترخيص التجاري يحتاج تحققًا مستقلاً,نجوم المدينة,Standardized transliteration from official-map Arabic name
ندى السلام,Nda Al Salam Hotel,347,300,المدينة المنورة,المنطقة المركزية,المنطقة المركزية / Central Zone,داخل المنطقة المركزية / Central Area,0,المخطط الإرشادي للمسجد النبوي ومرافقه وفنادق المنطقة المركزية,,1448هـ / 2026م,رسمي موثق / Official Verified,تمت مطابقة الاسم ورقم الموقع من المخطط المرفق؛ الترخيص التجاري يحتاج تحققًا مستقلاً,ندى السلام,Standardized transliteration from official-map Arabic name
نسك الإيمان,Nusk Al Iman,411,400,المدينة المنورة,المنطقة المركزية,المنطقة المركزية / Central Zone,داخل المنطقة المركزية / Central Area,0,المخطط الإرشادي للمسجد النبوي ومرافقه وفنادق المنطقة المركزية,,1448هـ / 2026م,رسمي موثق / Official Verified,تمت مطابقة الاسم ورقم الموقع من المخطط المرفق؛ الترخيص التجاري يحتاج تحققًا مستقلاً,نسك الإيمان,Existing verified English name
نسك المدينة,Nusk Al Madinah,423,400,المدينة المنورة,المنطقة المركزية,المنطقة المركزية / Central Zone,داخل المنطقة المركزية / Central Area,0,المخطط الإرشادي للمسجد النبوي ومرافقه وفنادق المنطقة المركزية,,1448هـ / 2026م,رسمي موثق / Official Verified,تمت مطابقة الاسم ورقم الموقع من المخطط المرفق؛ الترخيص التجاري يحتاج تحققًا مستقلاً,نسك المدينة,Existing verified English name
نسك الهجرة,Nusk Al Hijrah,417,400,المدينة المنورة,المنطقة المركزية,المنطقة المركزية / Central Zone,داخل المنطقة المركزية / Central Area,0,المخطط الإرشادي للمسجد النبوي ومرافقه وفنادق المنطقة المركزية,,1448هـ / 2026م,رسمي موثق / Official Verified,تمت مطابقة الاسم ورقم الموقع من المخطط المرفق؛ الترخيص التجاري يحتاج تحققًا مستقلاً,نسك الهجرة,Existing verified English name
نقاط ثلاثة الرضا,Nqat Thlatha Al Reda Hotel,448,400,المدينة المنورة,المنطقة المركزية,المنطقة المركزية / Central Zone,داخل المنطقة المركزية / Central Area,0,المخطط الإرشادي للمسجد النبوي ومرافقه وفنادق المنطقة المركزية,,1448هـ / 2026م,رسمي موثق / Official Verified,تمت مطابقة الاسم ورقم الموقع من المخطط المرفق؛ الترخيص التجاري يحتاج تحققًا مستقلاً,نقاط ثلاثة الرضا,Standardized transliteration from official-map Arabic name
نقاط ثلاثة الكوثر,Nqat Thlatha Al Kwthr Hotel,447,400,المدينة المنورة,المنطقة المركزية,المنطقة المركزية / Central Zone,داخل المنطقة المركزية / Central Area,0,المخطط الإرشادي للمسجد النبوي ومرافقه وفنادق المنطقة المركزية,,1448هـ / 2026م,رسمي موثق / Official Verified,تمت مطابقة الاسم ورقم الموقع من المخطط المرفق؛ الترخيص التجاري يحتاج تحققًا مستقلاً,نقاط ثلاثة الكوثر,Standardized transliteration from official-map Arabic name
نوفوتيل المدينة,Nwfwtyl Madinah Hotel,255,200,المدينة المنورة,المنطقة المركزية,المنطقة المركزية / Central Zone,داخل المنطقة المركزية / Central Area,0,المخطط الإرشادي للمسجد النبوي ومرافقه وفنادق المنطقة المركزية,,1448هـ / 2026م,رسمي موثق / Official Verified,تمت مطابقة الاسم ورقم الموقع من المخطط المرفق؛ الترخيص التجاري يحتاج تحققًا مستقلاً,نوفوتيل المدينة,Standardized transliteration from official-map Arabic name
هدى طيبة,Huda Taiba,421,400,المدينة المنورة,المنطقة المركزية,المنطقة المركزية / Central Zone,داخل المنطقة المركزية / Central Area,0,المخطط الإرشادي للمسجد النبوي ومرافقه وفنادق المنطقة المركزية,,1448هـ / 2026م,رسمي موثق / Official Verified,تمت مطابقة الاسم ورقم الموقع من المخطط المرفق؛ الترخيص التجاري يحتاج تحققًا مستقلاً,هدى طيبة,Existing verified English name
واجهة طيبة,Wajha Taiba Hotel,157,100,المدينة المنورة,المنطقة المركزية,المنطقة المركزية / Central Zone,داخل المنطقة المركزية / Central Area,0,المخطط الإرشادي للمسجد النبوي ومرافقه وفنادق المنطقة المركزية,,1448هـ / 2026م,رسمي موثق / Official Verified,تمت مطابقة الاسم ورقم الموقع من المخطط المرفق؛ الترخيص التجاري يحتاج تحققًا مستقلاً,واجهة طيبة,Standardized transliteration from official-map Arabic name
وردة الإيمان,Wardat Al Eiman Hotel,360,300,المدينة المنورة,المنطقة المركزية,المنطقة المركزية / Central Zone,داخل المنطقة المركزية / Central Area,0,المخطط الإرشادي للمسجد النبوي ومرافقه وفنادق المنطقة المركزية,,1448هـ / 2026م,رسمي موثق / Official Verified,تمت مطابقة الاسم ورقم الموقع من المخطط المرفق؛ الترخيص التجاري يحتاج تحققًا مستقلاً,وردة الإيمان,Standardized transliteration from official-map Arabic name
وردة السعادة,Wardat Al Saadah Hotel,364,300,المدينة المنورة,المنطقة المركزية,المنطقة المركزية / Central Zone,داخل المنطقة المركزية / Central Area,0,المخطط الإرشادي للمسجد النبوي ومرافقه وفنادق المنطقة المركزية,,1448هـ / 2026م,رسمي موثق / Official Verified,تمت مطابقة الاسم ورقم الموقع من المخطط المرفق؛ الترخيص التجاري يحتاج تحققًا مستقلاً,وردة السعادة,Standardized transliteration from official-map Arabic name
وردة الصفا,Wardat Al Sfa Hotel,320,300,المدينة المنورة,المنطقة المركزية,المنطقة المركزية / Central Zone,داخل المنطقة المركزية / Central Area,0,المخطط الإرشادي للمسجد النبوي ومرافقه وفنادق المنطقة المركزية,,1448هـ / 2026م,رسمي موثق / Official Verified,تمت مطابقة الاسم ورقم الموقع من المخطط المرفق؛ الترخيص التجاري يحتاج تحققًا مستقلاً,وردة الصفا,Standardized transliteration from official-map Arabic name
وفادة الزهراء,Wfada Al Zhra' Hotel,210,200,المدينة المنورة,المنطقة المركزية,المنطقة المركزية / Central Zone,داخل المنطقة المركزية / Central Area,0,المخطط الإرشادي للمسجد النبوي ومرافقه وفنادق المنطقة المركزية,,1448هـ / 2026م,رسمي موثق / Official Verified,تمت مطابقة الاسم ورقم الموقع من المخطط المرفق؛ الترخيص التجاري يحتاج تحققًا مستقلاً,وفادة الزهراء,Standardized transliteration from official-map Arabic name
وقت التنزيل,Wqt Al Tnzyl Hotel,310,300,المدينة المنورة,المنطقة المركزية,المنطقة المركزية / Central Zone,داخل المنطقة المركزية / Central Area,0,المخطط الإرشادي للمسجد النبوي ومرافقه وفنادق المنطقة المركزية,,1448هـ / 2026م,رسمي موثق / Official Verified,تمت مطابقة الاسم ورقم الموقع من المخطط المرفق؛ الترخيص التجاري يحتاج تحققًا مستقلاً,وقت التنزيل,Standardized transliteration from official-map Arabic name
ون إن,One Inn,412,400,المدينة المنورة,المنطقة المركزية,المنطقة المركزية / Central Zone,داخل المنطقة المركزية / Central Area,0,المخطط الإرشادي للمسجد النبوي ومرافقه وفنادق المنطقة المركزية,,1448هـ / 2026م,رسمي موثق / Official Verified,تمت مطابقة الاسم ورقم الموقع من المخطط المرفق؛ الترخيص التجاري يحتاج تحققًا مستقلاً,ون إن,Existing verified English name
وورث تود,Wwrth Twd Hotel,237,200,المدينة المنورة,المنطقة المركزية,المنطقة المركزية / Central Zone,داخل المنطقة المركزية / Central Area,0,المخطط الإرشادي للمسجد النبوي ومرافقه وفنادق المنطقة المركزية,,1448هـ / 2026م,رسمي موثق / Official Verified,تمت مطابقة الاسم ورقم الموقع من المخطط المرفق؛ الترخيص التجاري يحتاج تحققًا مستقلاً,وورث تود,Standardized transliteration from official-map Arabic name
وورث نروان,Wwrth Nrwan Hotel,244,200,المدينة المنورة,المنطقة المركزية,المنطقة المركزية / Central Zone,داخل المنطقة المركزية / Central Area,0,المخطط الإرشادي للمسجد النبوي ومرافقه وفنادق المنطقة المركزية,,1448هـ / 2026م,رسمي موثق / Official Verified,تمت مطابقة الاسم ورقم الموقع من المخطط المرفق؛ الترخيص التجاري يحتاج تحققًا مستقلاً,وورث نروان,Standardized transliteration from official-map Arabic name
روضة العقيق,Rawdat Al Aqeeq Hotel,113,100,المدينة المنورة,المنطقة المركزية,المنطقة المركزية / Central Zone,داخل المنطقة المركزية / Central Area,0,المخطط الإرشادي للمسجد النبوي ومرافقه وفنادق المنطقة المركزية,,1448هـ / 2026م,رسمي موثق / Official Verified,تمت مطابقة الاسم ورقم الموقع من المخطط المرفق؛ الترخيص التجاري يحتاج تحققًا مستقلاً,روضة العقيق,Standardized transliteration from official-map Arabic name
روضة المختار,Rawdat Al Mukhtara Hotel,380,300,المدينة المنورة,المنطقة المركزية,المنطقة المركزية / Central Zone,داخل المنطقة المركزية / Central Area,0,المخطط الإرشادي للمسجد النبوي ومرافقه وفنادق المنطقة المركزية,,1448هـ / 2026م,رسمي موثق / Official Verified,تمت مطابقة الاسم ورقم الموقع من المخطط المرفق؛ الترخيص التجاري يحتاج تحققًا مستقلاً,روضة المختار,Standardized transliteration from official-map Arabic name
رويال المدينة,Royal Madinah Hotel,121,100,المدينة المنورة,المنطقة المركزية,المنطقة المركزية / Central Zone,داخل المنطقة المركزية / Central Area,0,المخطط الإرشادي للمسجد النبوي ومرافقه وفنادق المنطقة المركزية,,1448هـ / 2026م,رسمي موثق / Official Verified,تمت مطابقة الاسم ورقم الموقع من المخطط المرفق؛ الترخيص التجاري يحتاج تحققًا مستقلاً,رويال المدينة,Standardized transliteration from official-map Arabic name
رؤى الأندلس البلاتيني,Roaa Alandalus Al Blatyny Hotel,416,400,المدينة المنورة,المنطقة المركزية,المنطقة المركزية / Central Zone,داخل المنطقة المركزية / Central Area,0,المخطط الإرشادي للمسجد النبوي ومرافقه وفنادق المنطقة المركزية,,1448هـ / 2026م,رسمي موثق / Official Verified,تمت مطابقة الاسم ورقم الموقع من المخطط المرفق؛ الترخيص التجاري يحتاج تحققًا مستقلاً,رؤى الأندلس البلاتيني,Standardized transliteration from official-map Arabic name
رؤى السعادة,Roaa Al Saadah Hotel,238,200,المدينة المنورة,المنطقة المركزية,المنطقة المركزية / Central Zone,داخل المنطقة المركزية / Central Area,0,المخطط الإرشادي للمسجد النبوي ومرافقه وفنادق المنطقة المركزية,,1448هـ / 2026م,رسمي موثق / Official Verified,تمت مطابقة الاسم ورقم الموقع من المخطط المرفق؛ الترخيص التجاري يحتاج تحققًا مستقلاً,رؤى السعادة,Standardized transliteration from official-map Arabic name
رؤى الضيافة,Roaa Al Diyafa Hotel,356,300,المدينة المنورة,المنطقة المركزية,المنطقة المركزية / Central Zone,داخل المنطقة المركزية / Central Area,0,المخطط الإرشادي للمسجد النبوي ومرافقه وفنادق المنطقة المركزية,,1448هـ / 2026م,رسمي موثق / Official Verified,تمت مطابقة الاسم ورقم الموقع من المخطط المرفق؛ الترخيص التجاري يحتاج تحققًا مستقلاً,رؤى الضيافة,Standardized transliteration from official-map Arabic name
رؤى العالمي,Roaa Al Aalmy Hotel,120,100,المدينة المنورة,المنطقة المركزية,المنطقة المركزية / Central Zone,داخل المنطقة المركزية / Central Area,0,المخطط الإرشادي للمسجد النبوي ومرافقه وفنادق المنطقة المركزية,,1448هـ / 2026م,رسمي موثق / Official Verified,تمت مطابقة الاسم ورقم الموقع من المخطط المرفق؛ الترخيص التجاري يحتاج تحققًا مستقلاً,رؤى العالمي,Standardized transliteration from official-map Arabic name
رؤى الفخامة,Roaa Al Fkhama Hotel,227,200,المدينة المنورة,المنطقة المركزية,المنطقة المركزية / Central Zone,داخل المنطقة المركزية / Central Area,0,المخطط الإرشادي للمسجد النبوي ومرافقه وفنادق المنطقة المركزية,,1448هـ / 2026م,رسمي موثق / Official Verified,تمت مطابقة الاسم ورقم الموقع من المخطط المرفق؛ الترخيص التجاري يحتاج تحققًا مستقلاً,رؤى الفخامة,Standardized transliteration from official-map Arabic name
رؤى الماسي,Roaa Almasi Hotel,457,400,المدينة المنورة,المنطقة المركزية,المنطقة المركزية / Central Zone,داخل المنطقة المركزية / Central Area,0,المخطط الإرشادي للمسجد النبوي ومرافقه وفنادق المنطقة المركزية,,1448هـ / 2026م,رسمي موثق / Official Verified,تمت مطابقة الاسم ورقم الموقع من المخطط المرفق؛ الترخيص التجاري يحتاج تحققًا مستقلاً,رؤى الماسي,Standardized transliteration from official-map Arabic name
رؤى جراند,Roaa Grand Hotel,357,300,المدينة المنورة,المنطقة المركزية,المنطقة المركزية / Central Zone,داخل المنطقة المركزية / Central Area,0,المخطط الإرشادي للمسجد النبوي ومرافقه وفنادق المنطقة المركزية,,1448هـ / 2026م,رسمي موثق / Official Verified,تمت مطابقة الاسم ورقم الموقع من المخطط المرفق؛ الترخيص التجاري يحتاج تحققًا مستقلاً,رؤى جراند,Standardized transliteration from official-map Arabic name
رؤى طيبة بلس,Roaa Taiba Bls Hotel,378,300,المدينة المنورة,المنطقة المركزية,المنطقة المركزية / Central Zone,داخل المنطقة المركزية / Central Area,0,المخطط الإرشادي للمسجد النبوي ومرافقه وفنادق المنطقة المركزية,,1448هـ / 2026م,رسمي موثق / Official Verified,تمت مطابقة الاسم ورقم الموقع من المخطط المرفق؛ الترخيص التجاري يحتاج تحققًا مستقلاً,رؤى طيبة بلس,Standardized transliteration from official-map Arabic name
رؤيا الأندلس البلاتيني,Roya Alandalus Al Blatyny Hotel,341,300,المدينة المنورة,المنطقة المركزية,المنطقة المركزية / Central Zone,داخل المنطقة المركزية / Central Area,0,المخطط الإرشادي للمسجد النبوي ومرافقه وفنادق المنطقة المركزية,,1448هـ / 2026م,رسمي موثق / Official Verified,تمت مطابقة الاسم ورقم الموقع من المخطط المرفق؛ الترخيص التجاري يحتاج تحققًا مستقلاً,رؤيا الأندلس البلاتيني,Standardized transliteration from official-map Arabic name
رؤيا الأندلس النخبة,Roya Alandalus Al Nkhba Hotel,319,300,المدينة المنورة,المنطقة المركزية,المنطقة المركزية / Central Zone,داخل المنطقة المركزية / Central Area,0,المخطط الإرشادي للمسجد النبوي ومرافقه وفنادق المنطقة المركزية,,1448هـ / 2026م,رسمي موثق / Official Verified,تمت مطابقة الاسم ورقم الموقع من المخطط المرفق؛ الترخيص التجاري يحتاج تحققًا مستقلاً,رؤيا الأندلس النخبة,Standardized transliteration from official-map Arabic name
رياض الزهراء,Ryad Al Zhra' Hotel,233,200,المدينة المنورة,المنطقة المركزية,المنطقة المركزية / Central Zone,داخل المنطقة المركزية / Central Area,0,المخطط الإرشادي للمسجد النبوي ومرافقه وفنادق المنطقة المركزية,,1448هـ / 2026م,رسمي موثق / Official Verified,تمت مطابقة الاسم ورقم الموقع من المخطط المرفق؛ الترخيص التجاري يحتاج تحققًا مستقلاً,رياض الزهراء,Standardized transliteration from official-map Arabic name
كاسيل,Castle Hotel,403,400,المدينة المنورة,المنطقة المركزية,المنطقة المركزية / Central Zone,داخل المنطقة المركزية / Central Area,0,المخطط الإرشادي للمسجد النبوي ومرافقه وفنادق المنطقة المركزية,,1448هـ / 2026م,رسمي موثق / Official Verified,تمت مطابقة الاسم ورقم الموقع من المخطط المرفق؛ الترخيص التجاري يحتاج تحققًا مستقلاً,كاسيل,Existing verified English name
كراون بلازا المدينة,Crowne Plaza Madinah,433,400,المدينة المنورة,المنطقة المركزية,المنطقة المركزية / Central Zone,داخل المنطقة المركزية / Central Area,0,المخطط الإرشادي للمسجد النبوي ومرافقه وفنادق المنطقة المركزية,,1448هـ / 2026م,رسمي موثق / Official Verified,تمت مطابقة الاسم ورقم الموقع من المخطط المرفق؛ الترخيص التجاري يحتاج تحققًا مستقلاً,كراون بلازا المدينة,Existing verified English name
كرم الحجار,Krm Al Hjar Hotel,229,200,المدينة المنورة,المنطقة المركزية,المنطقة المركزية / Central Zone,داخل المنطقة المركزية / Central Area,0,المخطط الإرشادي للمسجد النبوي ومرافقه وفنادق المنطقة المركزية,,1448هـ / 2026م,رسمي موثق / Official Verified,تمت مطابقة الاسم ورقم الموقع من المخطط المرفق؛ الترخيص التجاري يحتاج تحققًا مستقلاً,كرم الحجار,Standardized transliteration from official-map Arabic name
كرم الخبر,Krm Al Khbr Hotel,368,300,المدينة المنورة,المنطقة المركزية,المنطقة المركزية / Central Zone,داخل المنطقة المركزية / Central Area,0,المخطط الإرشادي للمسجد النبوي ومرافقه وفنادق المنطقة المركزية,,1448هـ / 2026م,رسمي موثق / Official Verified,تمت مطابقة الاسم ورقم الموقع من المخطط المرفق؛ الترخيص التجاري يحتاج تحققًا مستقلاً,كرم الخبر,Standardized transliteration from official-map Arabic name
كرم المدينة,Krm Madinah Hotel,425,400,المدينة المنورة,المنطقة المركزية,المنطقة المركزية / Central Zone,داخل المنطقة المركزية / Central Area,0,المخطط الإرشادي للمسجد النبوي ومرافقه وفنادق المنطقة المركزية,,1448هـ / 2026م,رسمي موثق / Official Verified,تمت مطابقة الاسم ورقم الموقع من المخطط المرفق؛ الترخيص التجاري يحتاج تحققًا مستقلاً,كرم المدينة,Standardized transliteration from official-map Arabic name
كرم طيبة,Krm Taiba Hotel,222,200,المدينة المنورة,المنطقة المركزية,المنطقة المركزية / Central Zone,داخل المنطقة المركزية / Central Area,0,المخطط الإرشادي للمسجد النبوي ومرافقه وفنادق المنطقة المركزية,,1448هـ / 2026م,رسمي موثق / Official Verified,تمت مطابقة الاسم ورقم الموقع من المخطط المرفق؛ الترخيص التجاري يحتاج تحققًا مستقلاً,كرم طيبة,Standardized transliteration from official-map Arabic name
كرم إيليت,Krm Elite Hotel,235,200,المدينة المنورة,المنطقة المركزية,المنطقة المركزية / Central Zone,داخل المنطقة المركزية / Central Area,0,المخطط الإرشادي للمسجد النبوي ومرافقه وفنادق المنطقة المركزية,,1448هـ / 2026م,رسمي موثق / Official Verified,تمت مطابقة الاسم ورقم الموقع من المخطط المرفق؛ الترخيص التجاري يحتاج تحققًا مستقلاً,كرم إيليت,Standardized transliteration from official-map Arabic name
كون كود التنزيل,Kwn Kwd Al Tnzyl Hotel,374,300,المدينة المنورة,المنطقة المركزية,المنطقة المركزية / Central Zone,داخل المنطقة المركزية / Central Area,0,المخطط الإرشادي للمسجد النبوي ومرافقه وفنادق المنطقة المركزية,,1448هـ / 2026م,رسمي موثق / Official Verified,تمت مطابقة الاسم ورقم الموقع من المخطط المرفق؛ الترخيص التجاري يحتاج تحققًا مستقلاً,كون كود التنزيل,Standardized transliteration from official-map Arabic name
سبال,Sbal Hotel,381,300,المدينة المنورة,المنطقة المركزية,المنطقة المركزية / Central Zone,داخل المنطقة المركزية / Central Area,0,المخطط الإرشادي للمسجد النبوي ومرافقه وفنادق المنطقة المركزية,,1448هـ / 2026م,رسمي موثق / Official Verified,تمت مطابقة الاسم ورقم الموقع من المخطط المرفق؛ الترخيص التجاري يحتاج تحققًا مستقلاً,سبال,Standardized transliteration from official-map Arabic name
سبال الماسي,Sbal Almasi Hotel,409,400,المدينة المنورة,المنطقة المركزية,المنطقة المركزية / Central Zone,داخل المنطقة المركزية / Central Area,0,المخطط الإرشادي للمسجد النبوي ومرافقه وفنادق المنطقة المركزية,,1448هـ / 2026م,رسمي موثق / Official Verified,تمت مطابقة الاسم ورقم الموقع من المخطط المرفق؛ الترخيص التجاري يحتاج تحققًا مستقلاً,سبال الماسي,Standardized transliteration from official-map Arabic name
سبال بلس,Sbal Bls Hotel,211,200,المدينة المنورة,المنطقة المركزية,المنطقة المركزية / Central Zone,داخل المنطقة المركزية / Central Area,0,المخطط الإرشادي للمسجد النبوي ومرافقه وفنادق المنطقة المركزية,,1448هـ / 2026م,رسمي موثق / Official Verified,تمت مطابقة الاسم ورقم الموقع من المخطط المرفق؛ الترخيص التجاري يحتاج تحققًا مستقلاً,سبال بلس,Standardized transliteration from official-map Arabic name
كيان العالمي,Kyan Al Aalmy Hotel,124,100,المدينة المنورة,المنطقة المركزية,المنطقة المركزية / Central Zone,داخل المنطقة المركزية / Central Area,0,المخطط الإرشادي للمسجد النبوي ومرافقه وفنادق المنطقة المركزية,,1448هـ / 2026م,رسمي موثق / Official Verified,تمت مطابقة الاسم ورقم الموقع من المخطط المرفق؛ الترخيص التجاري يحتاج تحققًا مستقلاً,كيان العالمي,Standardized transliteration from official-map Arabic name
كيان الماسي,Kyan Almasi Hotel,305,300,المدينة المنورة,المنطقة المركزية,المنطقة المركزية / Central Zone,داخل المنطقة المركزية / Central Area,0,المخطط الإرشادي للمسجد النبوي ومرافقه وفنادق المنطقة المركزية,,1448هـ / 2026م,رسمي موثق / Official Verified,تمت مطابقة الاسم ورقم الموقع من المخطط المرفق؛ الترخيص التجاري يحتاج تحققًا مستقلاً,كيان الماسي,Standardized transliteration from official-map Arabic name
كيان المدينة,Kyan Madinah Hotel,344,300,المدينة المنورة,المنطقة المركزية,المنطقة المركزية / Central Zone,داخل المنطقة المركزية / Central Area,0,المخطط الإرشادي للمسجد النبوي ومرافقه وفنادق المنطقة المركزية,,1448هـ / 2026م,رسمي موثق / Official Verified,تمت مطابقة الاسم ورقم الموقع من المخطط المرفق؛ الترخيص التجاري يحتاج تحققًا مستقلاً,كيان المدينة,Standardized transliteration from official-map Arabic name
سجى المدينة,Saja Madinah Hotel,138,100,المدينة المنورة,المنطقة المركزية,المنطقة المركزية / Central Zone,داخل المنطقة المركزية / Central Area,0,المخطط الإرشادي للمسجد النبوي ومرافقه وفنادق المنطقة المركزية,,1448هـ / 2026م,رسمي موثق / Official Verified,تمت مطابقة الاسم ورقم الموقع من المخطط المرفق؛ الترخيص التجاري يحتاج تحققًا مستقلاً,سجى المدينة,Standardized transliteration from official-map Arabic name
سدرة المدينة,Sdra Madinah Hotel,326,300,المدينة المنورة,المنطقة المركزية,المنطقة المركزية / Central Zone,داخل المنطقة المركزية / Central Area,0,المخطط الإرشادي للمسجد النبوي ومرافقه وفنادق المنطقة المركزية,,1448هـ / 2026م,رسمي موثق / Official Verified,تمت مطابقة الاسم ورقم الموقع من المخطط المرفق؛ الترخيص التجاري يحتاج تحققًا مستقلاً,سدرة المدينة,Standardized transliteration from official-map Arabic name
سرابا هارموني A,A,452,400,المدينة المنورة,المنطقة المركزية,المنطقة المركزية / Central Zone,داخل المنطقة المركزية / Central Area,0,المخطط الإرشادي للمسجد النبوي ومرافقه وفنادق المنطقة المركزية,,1448هـ / 2026م,رسمي موثق / Official Verified,تمت مطابقة الاسم ورقم الموقع من المخطط المرفق؛ الترخيص التجاري يحتاج تحققًا مستقلاً,سرابا هارموني A,Standardized transliteration from official-map Arabic name
سرابا هارموني B,B,454,400,المدينة المنورة,المنطقة المركزية,المنطقة المركزية / Central Zone,داخل المنطقة المركزية / Central Area,0,المخطط الإرشادي للمسجد النبوي ومرافقه وفنادق المنطقة المركزية,,1448هـ / 2026م,رسمي موثق / Official Verified,تمت مطابقة الاسم ورقم الموقع من المخطط المرفق؛ الترخيص التجاري يحتاج تحققًا مستقلاً,سرابا هارموني B,Standardized transliteration from official-map Arabic name
سرابا هارموني C,C,455,400,المدينة المنورة,المنطقة المركزية,المنطقة المركزية / Central Zone,داخل المنطقة المركزية / Central Area,0,المخطط الإرشادي للمسجد النبوي ومرافقه وفنادق المنطقة المركزية,,1448هـ / 2026م,رسمي موثق / Official Verified,تمت مطابقة الاسم ورقم الموقع من المخطط المرفق؛ الترخيص التجاري يحتاج تحققًا مستقلاً,سرابا هارموني C,Standardized transliteration from official-map Arabic name
سكاي فيو,Sky View,453,400,المدينة المنورة,المنطقة المركزية,المنطقة المركزية / Central Zone,داخل المنطقة المركزية / Central Area,0,المخطط الإرشادي للمسجد النبوي ومرافقه وفنادق المنطقة المركزية,,1448هـ / 2026م,رسمي موثق / Official Verified,تمت مطابقة الاسم ورقم الموقع من المخطط المرفق؛ الترخيص التجاري يحتاج تحققًا مستقلاً,سكاي فيو,Existing verified English name
سما الذهبي,Sma Golden Hotel,351,300,المدينة المنورة,المنطقة المركزية,المنطقة المركزية / Central Zone,داخل المنطقة المركزية / Central Area,0,المخطط الإرشادي للمسجد النبوي ومرافقه وفنادق المنطقة المركزية,,1448هـ / 2026م,رسمي موثق / Official Verified,تمت مطابقة الاسم ورقم الموقع من المخطط المرفق؛ الترخيص التجاري يحتاج تحققًا مستقلاً,سما الذهبي,Standardized transliteration from official-map Arabic name
سما الماسي,Sma Almasi Hotel,362,300,المدينة المنورة,المنطقة المركزية,المنطقة المركزية / Central Zone,داخل المنطقة المركزية / Central Area,0,المخطط الإرشادي للمسجد النبوي ومرافقه وفنادق المنطقة المركزية,,1448هـ / 2026م,رسمي موثق / Official Verified,تمت مطابقة الاسم ورقم الموقع من المخطط المرفق؛ الترخيص التجاري يحتاج تحققًا مستقلاً,سما الماسي,Standardized transliteration from official-map Arabic name
سنابل المدينة,Snabl Madinah Hotel,117,100,المدينة المنورة,المنطقة المركزية,المنطقة المركزية / Central Zone,داخل المنطقة المركزية / Central Area,0,المخطط الإرشادي للمسجد النبوي ومرافقه وفنادق المنطقة المركزية,,1448هـ / 2026م,رسمي موثق / Official Verified,تمت مطابقة الاسم ورقم الموقع من المخطط المرفق؛ الترخيص التجاري يحتاج تحققًا مستقلاً,سنابل المدينة,Standardized transliteration from official-map Arabic name
سوفيتيل شهد المدينة,Sofitel Shahd Madinah Hotel,115,100,المدينة المنورة,المنطقة المركزية,المنطقة المركزية / Central Zone,داخل المنطقة المركزية / Central Area,0,المخطط الإرشادي للمسجد النبوي ومرافقه وفنادق المنطقة المركزية,,1448هـ / 2026م,رسمي موثق / Official Verified,تمت مطابقة الاسم ورقم الموقع من المخطط المرفق؛ الترخيص التجاري يحتاج تحققًا مستقلاً,سوفيتيل شهد المدينة,Standardized transliteration from official-map Arabic name
سويس إنترناشيونال طيبة,Swys International Taiba Hotel,232,200,المدينة المنورة,المنطقة المركزية,المنطقة المركزية / Central Zone,داخل المنطقة المركزية / Central Area,0,المخطط الإرشادي للمسجد النبوي ومرافقه وفنادق المنطقة المركزية,,1448هـ / 2026م,رسمي موثق / Official Verified,تمت مطابقة الاسم ورقم الموقع من المخطط المرفق؛ الترخيص التجاري يحتاج تحققًا مستقلاً,سويس إنترناشيونال طيبة,Standardized transliteration from official-map Arabic name
مجمع الجزيرة,Mjma Al Jzyra Hotel,475,400,المدينة المنورة,المنطقة المركزية,المنطقة المركزية / Central Zone,داخل المنطقة المركزية / Central Area,0,المخطط الإرشادي للمسجد النبوي ومرافقه وفنادق المنطقة المركزية,,1448هـ / 2026م,رسمي موثق / Official Verified,تمت مطابقة الاسم ورقم الموقع من المخطط المرفق؛ الترخيص التجاري يحتاج تحققًا مستقلاً,مجمع الجزيرة,Standardized transliteration from official-map Arabic name
شذا ريجنسي بلازا,Shdha Ryjnsy Plaza Hotel,130,100,المدينة المنورة,المنطقة المركزية,المنطقة المركزية / Central Zone,داخل المنطقة المركزية / Central Area,0,المخطط الإرشادي للمسجد النبوي ومرافقه وفنادق المنطقة المركزية,,1448هـ / 2026م,رسمي موثق / Official Verified,تمت مطابقة الاسم ورقم الموقع من المخطط المرفق؛ الترخيص التجاري يحتاج تحققًا مستقلاً,شذا ريجنسي بلازا,Standardized transliteration from official-map Arabic name
شيرادون,Shyradwn Hotel,140,100,المدينة المنورة,المنطقة المركزية,المنطقة المركزية / Central Zone,داخل المنطقة المركزية / Central Area,0,المخطط الإرشادي للمسجد النبوي ومرافقه وفنادق المنطقة المركزية,,1448هـ / 2026م,رسمي موثق / Official Verified,تمت مطابقة الاسم ورقم الموقع من المخطط المرفق؛ الترخيص التجاري يحتاج تحققًا مستقلاً,شيرادون,Standardized transliteration from official-map Arabic name
مراج طيبة,Mraj Taiba Hotel,208,200,المدينة المنورة,المنطقة المركزية,المنطقة المركزية / Central Zone,داخل المنطقة المركزية / Central Area,0,المخطط الإرشادي للمسجد النبوي ومرافقه وفنادق المنطقة المركزية,,1448هـ / 2026م,رسمي موثق / Official Verified,تمت مطابقة الاسم ورقم الموقع من المخطط المرفق؛ الترخيص التجاري يحتاج تحققًا مستقلاً,مراج طيبة,Standardized transliteration from official-map Arabic name
مرجان المدينة,Mrjan Madinah Hotel,210,200,المدينة المنورة,المنطقة المركزية,المنطقة المركزية / Central Zone,داخل المنطقة المركزية / Central Area,0,المخطط الإرشادي للمسجد النبوي ومرافقه وفنادق المنطقة المركزية,,1448هـ / 2026م,رسمي موثق / Official Verified,تمت مطابقة الاسم ورقم الموقع من المخطط المرفق؛ الترخيص التجاري يحتاج تحققًا مستقلاً,مرجان المدينة,Standardized transliteration from official-map Arabic name
مسك البلد,Mysk Al Bld Hotel,136,100,المدينة المنورة,المنطقة المركزية,المنطقة المركزية / Central Zone,داخل المنطقة المركزية / Central Area,0,المخطط الإرشادي للمسجد النبوي ومرافقه وفنادق المنطقة المركزية,,1448هـ / 2026م,رسمي موثق / Official Verified,تمت مطابقة الاسم ورقم الموقع من المخطط المرفق؛ الترخيص التجاري يحتاج تحققًا مستقلاً,مسك البلد,Standardized transliteration from official-map Arabic name
صفوة المدينة,Sfwa Madinah Hotel,119,100,المدينة المنورة,المنطقة المركزية,المنطقة المركزية / Central Zone,داخل المنطقة المركزية / Central Area,0,المخطط الإرشادي للمسجد النبوي ومرافقه وفنادق المنطقة المركزية,,1448هـ / 2026م,رسمي موثق / Official Verified,تمت مطابقة الاسم ورقم الموقع من المخطط المرفق؛ الترخيص التجاري يحتاج تحققًا مستقلاً,صفوة المدينة,Standardized transliteration from official-map Arabic name
معين طيبة,Mayn Taiba Hotel,353,300,المدينة المنورة,المنطقة المركزية,المنطقة المركزية / Central Zone,داخل المنطقة المركزية / Central Area,0,المخطط الإرشادي للمسجد النبوي ومرافقه وفنادق المنطقة المركزية,,1448هـ / 2026م,رسمي موثق / Official Verified,تمت مطابقة الاسم ورقم الموقع من المخطط المرفق؛ الترخيص التجاري يحتاج تحققًا مستقلاً,معين طيبة,Standardized transliteration from official-map Arabic name
مكارم أجنحة إطلالة الحرم,Makarem Suites Itlala Al Haram,156,100,المدينة المنورة,المنطقة المركزية,المنطقة المركزية / Central Zone,داخل المنطقة المركزية / Central Area,0,المخطط الإرشادي للمسجد النبوي ومرافقه وفنادق المنطقة المركزية,,1448هـ / 2026م,رسمي موثق / Official Verified,تمت مطابقة الاسم ورقم الموقع من المخطط المرفق؛ الترخيص التجاري يحتاج تحققًا مستقلاً,مكارم أجنحة إطلالة الحرم,Standardized transliteration from official-map Arabic name
مكارم برج المدينة,Makarem Burj Madinah Hotel,151,100,المدينة المنورة,المنطقة المركزية,المنطقة المركزية / Central Zone,داخل المنطقة المركزية / Central Area,0,المخطط الإرشادي للمسجد النبوي ومرافقه وفنادق المنطقة المركزية,,1448هـ / 2026م,رسمي موثق / Official Verified,تمت مطابقة الاسم ورقم الموقع من المخطط المرفق؛ الترخيص التجاري يحتاج تحققًا مستقلاً,مكارم برج المدينة,Standardized transliteration from official-map Arabic name
حياة الذهبي,Hayah Golden Hotel,220,200,المدينة المنورة,المنطقة المركزية,المنطقة المركزية / Central Zone,داخل المنطقة المركزية / Central Area,0,المخطط الإرشادي للمسجد النبوي ومرافقه وفنادق المنطقة المركزية,,1448هـ / 2026م,رسمي موثق / Official Verified,تمت مطابقة الاسم ورقم الموقع من المخطط المرفق؛ الترخيص التجاري يحتاج تحققًا مستقلاً,حياة الذهبي,Standardized transliteration from official-map Arabic name
حياة الماسي,Hayah Almasi Hotel,385,300,المدينة المنورة,المنطقة المركزية,المنطقة المركزية / Central Zone,داخل المنطقة المركزية / Central Area,0,المخطط الإرشادي للمسجد النبوي ومرافقه وفنادق المنطقة المركزية,,1448هـ / 2026م,رسمي موثق / Official Verified,تمت مطابقة الاسم ورقم الموقع من المخطط المرفق؛ الترخيص التجاري يحتاج تحققًا مستقلاً,حياة الماسي,Standardized transliteration from official-map Arabic name
حياة الهدى,Hayah Al Hda Hotel,245,200,المدينة المنورة,المنطقة المركزية,المنطقة المركزية / Central Zone,داخل المنطقة المركزية / Central Area,0,المخطط الإرشادي للمسجد النبوي ومرافقه وفنادق المنطقة المركزية,,1448هـ / 2026م,رسمي موثق / Official Verified,تمت مطابقة الاسم ورقم الموقع من المخطط المرفق؛ الترخيص التجاري يحتاج تحققًا مستقلاً,حياة الهدى,Standardized transliteration from official-map Arabic name
حياة الواحة,Hayat Al Waha,404,400,المدينة المنورة,المنطقة المركزية,المنطقة المركزية / Central Zone,داخل المنطقة المركزية / Central Area,0,المخطط الإرشادي للمسجد النبوي ومرافقه وفنادق المنطقة المركزية,,1448هـ / 2026م,رسمي موثق / Official Verified,تمت مطابقة الاسم ورقم الموقع من المخطط المرفق؛ الترخيص التجاري يحتاج تحققًا مستقلاً,حياة الواحة,Existing verified English name
حياة بلازا,Hayat Plaza,419,400,المدينة المنورة,المنطقة المركزية,المنطقة المركزية / Central Zone,داخل المنطقة المركزية / Central Area,0,المخطط الإرشادي للمسجد النبوي ومرافقه وفنادق المنطقة المركزية,,1448هـ / 2026م,رسمي موثق / Official Verified,تمت مطابقة الاسم ورقم الموقع من المخطط المرفق؛ الترخيص التجاري يحتاج تحققًا مستقلاً,حياة بلازا,Existing verified English name
حياة جراند,Hayah Grand Hotel,331,300,المدينة المنورة,المنطقة المركزية,المنطقة المركزية / Central Zone,داخل المنطقة المركزية / Central Area,0,المخطط الإرشادي للمسجد النبوي ومرافقه وفنادق المنطقة المركزية,,1448هـ / 2026م,رسمي موثق / Official Verified,تمت مطابقة الاسم ورقم الموقع من المخطط المرفق؛ الترخيص التجاري يحتاج تحققًا مستقلاً,حياة جراند,Standardized transliteration from official-map Arabic name
دار الإيمان الحرم,Dar Al Eiman Al Haram Hotel,109,100,المدينة المنورة,المنطقة المركزية,المنطقة المركزية / Central Zone,داخل المنطقة المركزية / Central Area,0,المخطط الإرشادي للمسجد النبوي ومرافقه وفنادق المنطقة المركزية,,1448هـ / 2026م,رسمي موثق / Official Verified,تمت مطابقة الاسم ورقم الموقع من المخطط المرفق؛ الترخيص التجاري يحتاج تحققًا مستقلاً,دار الإيمان الحرم,Standardized transliteration from official-map Arabic name
دار الإيمان إنتركونتيننتال,Dar Al Eiman Intrkwntynntal Hotel,158,100,المدينة المنورة,المنطقة المركزية,المنطقة المركزية / Central Zone,داخل المنطقة المركزية / Central Area,0,المخطط الإرشادي للمسجد النبوي ومرافقه وفنادق المنطقة المركزية,,1448هـ / 2026م,رسمي موثق / Official Verified,تمت مطابقة الاسم ورقم الموقع من المخطط المرفق؛ الترخيص التجاري يحتاج تحققًا مستقلاً,دار الإيمان إنتركونتيننتال,Standardized transliteration from official-map Arabic name
دار التقوى,Dar Al Taqwa Hotel,103,100,المدينة المنورة,المنطقة المركزية,المنطقة المركزية / Central Zone,داخل المنطقة المركزية / Central Area,0,المخطط الإرشادي للمسجد النبوي ومرافقه وفنادق المنطقة المركزية,,1448هـ / 2026م,رسمي موثق / Official Verified,تمت مطابقة الاسم ورقم الموقع من المخطط المرفق؛ الترخيص التجاري يحتاج تحققًا مستقلاً,دار التقوى,Standardized transliteration from official-map Arabic name
دار الهجرة إنتركونتيننتال,Dar Al Hijrah Intrkwntynntal Hotel,125,100,المدينة المنورة,المنطقة المركزية,المنطقة المركزية / Central Zone,داخل المنطقة المركزية / Central Area,0,المخطط الإرشادي للمسجد النبوي ومرافقه وفنادق المنطقة المركزية,,1448هـ / 2026م,رسمي موثق / Official Verified,تمت مطابقة الاسم ورقم الموقع من المخطط المرفق؛ الترخيص التجاري يحتاج تحققًا مستقلاً,دار الهجرة إنتركونتيننتال,Standardized transliteration from official-map Arabic name
درة الإيمان,Dra Al Eiman Hotel,134,100,المدينة المنورة,المنطقة المركزية,المنطقة المركزية / Central Zone,داخل المنطقة المركزية / Central Area,0,المخطط الإرشادي للمسجد النبوي ومرافقه وفنادق المنطقة المركزية,,1448هـ / 2026م,رسمي موثق / Official Verified,تمت مطابقة الاسم ورقم الموقع من المخطط المرفق؛ الترخيص التجاري يحتاج تحققًا مستقلاً,درة الإيمان,Standardized transliteration from official-map Arabic name
درة المدينة,Durrat Al Madinah,436,400,المدينة المنورة,المنطقة المركزية,المنطقة المركزية / Central Zone,داخل المنطقة المركزية / Central Area,0,المخطط الإرشادي للمسجد النبوي ومرافقه وفنادق المنطقة المركزية,,1448هـ / 2026م,رسمي موثق / Official Verified,تمت مطابقة الاسم ورقم الموقع من المخطط المرفق؛ الترخيص التجاري يحتاج تحققًا مستقلاً,درة المدينة,Existing verified English name
درة طابة,Durrat Taiba,462,400,المدينة المنورة,المنطقة المركزية,المنطقة المركزية / Central Zone,داخل المنطقة المركزية / Central Area,0,المخطط الإرشادي للمسجد النبوي ومرافقه وفنادق المنطقة المركزية,,1448هـ / 2026م,رسمي موثق / Official Verified,تمت مطابقة الاسم ورقم الموقع من المخطط المرفق؛ الترخيص التجاري يحتاج تحققًا مستقلاً,درة طابة,Existing verified English name
دلة طيبة,Dallah Taiba Hotel,114,100,المدينة المنورة,المنطقة المركزية,المنطقة المركزية / Central Zone,داخل المنطقة المركزية / Central Area,0,المخطط الإرشادي للمسجد النبوي ومرافقه وفنادق المنطقة المركزية,,1448هـ / 2026م,رسمي موثق / Official Verified,تمت مطابقة الاسم ورقم الموقع من المخطط المرفق؛ الترخيص التجاري يحتاج تحققًا مستقلاً,دلة طيبة,Standardized transliteration from official-map Arabic name
ديار الإيمان,Diyar Al Eiman Hotel,141,100,المدينة المنورة,المنطقة المركزية,المنطقة المركزية / Central Zone,داخل المنطقة المركزية / Central Area,0,المخطط الإرشادي للمسجد النبوي ومرافقه وفنادق المنطقة المركزية,,1448هـ / 2026م,رسمي موثق / Official Verified,تمت مطابقة الاسم ورقم الموقع من المخطط المرفق؛ الترخيص التجاري يحتاج تحققًا مستقلاً,ديار الإيمان,Standardized transliteration from official-map Arabic name
ديار التقوى,Diyar Al Taqwa Hotel,218,200,المدينة المنورة,المنطقة المركزية,المنطقة المركزية / Central Zone,داخل المنطقة المركزية / Central Area,0,المخطط الإرشادي للمسجد النبوي ومرافقه وفنادق المنطقة المركزية,,1448هـ / 2026م,رسمي موثق / Official Verified,تمت مطابقة الاسم ورقم الموقع من المخطط المرفق؛ الترخيص التجاري يحتاج تحققًا مستقلاً,ديار التقوى,Standardized transliteration from official-map Arabic name
ديار الحبيب,Diyar Al Hbyb Hotel,461,400,المدينة المنورة,المنطقة المركزية,المنطقة المركزية / Central Zone,داخل المنطقة المركزية / Central Area,0,المخطط الإرشادي للمسجد النبوي ومرافقه وفنادق المنطقة المركزية,,1448هـ / 2026م,رسمي موثق / Official Verified,تمت مطابقة الاسم ورقم الموقع من المخطط المرفق؛ الترخيص التجاري يحتاج تحققًا مستقلاً,ديار الحبيب,Standardized transliteration from official-map Arabic name
ديار السلام الفضي,Diyar Al Salam Al Fdy Hotel,208,200,المدينة المنورة,المنطقة المركزية,المنطقة المركزية / Central Zone,داخل المنطقة المركزية / Central Area,0,المخطط الإرشادي للمسجد النبوي ومرافقه وفنادق المنطقة المركزية,,1448هـ / 2026م,رسمي موثق / Official Verified,تمت مطابقة الاسم ورقم الموقع من المخطط المرفق؛ الترخيص التجاري يحتاج تحققًا مستقلاً,ديار السلام الفضي,Standardized transliteration from official-map Arabic name
ديار المدينة,Diyar Madinah Hotel,379,300,المدينة المنورة,المنطقة المركزية,المنطقة المركزية / Central Zone,داخل المنطقة المركزية / Central Area,0,المخطط الإرشادي للمسجد النبوي ومرافقه وفنادق المنطقة المركزية,,1448هـ / 2026م,رسمي موثق / Official Verified,تمت مطابقة الاسم ورقم الموقع من المخطط المرفق؛ الترخيص التجاري يحتاج تحققًا مستقلاً,ديار المدينة,Standardized transliteration from official-map Arabic name
ديار النخيل,Diyar Al Nkhyl Hotel,339,300,المدينة المنورة,المنطقة المركزية,المنطقة المركزية / Central Zone,داخل المنطقة المركزية / Central Area,0,المخطط الإرشادي للمسجد النبوي ومرافقه وفنادق المنطقة المركزية,,1448هـ / 2026م,رسمي موثق / Official Verified,تمت مطابقة الاسم ورقم الموقع من المخطط المرفق؛ الترخيص التجاري يحتاج تحققًا مستقلاً,ديار النخيل,Standardized transliteration from official-map Arabic name
ديار الهدى,Diyar Al Hda Hotel,330,300,المدينة المنورة,المنطقة المركزية,المنطقة المركزية / Central Zone,داخل المنطقة المركزية / Central Area,0,المخطط الإرشادي للمسجد النبوي ومرافقه وفنادق المنطقة المركزية,,1448هـ / 2026م,رسمي موثق / Official Verified,تمت مطابقة الاسم ورقم الموقع من المخطط المرفق؛ الترخيص التجاري يحتاج تحققًا مستقلاً,ديار الهدى,Standardized transliteration from official-map Arabic name
ديار عجوة تابيستري هيلتون,Diyar Ajwa Tabystry Hilton Hotel,159,100,المدينة المنورة,المنطقة المركزية,المنطقة المركزية / Central Zone,داخل المنطقة المركزية / Central Area,0,المخطط الإرشادي للمسجد النبوي ومرافقه وفنادق المنطقة المركزية,,1448هـ / 2026م,رسمي موثق / Official Verified,تمت مطابقة الاسم ورقم الموقع من المخطط المرفق؛ الترخيص التجاري يحتاج تحققًا مستقلاً,ديار عجوة تابيستري هيلتون,Standardized transliteration from official-map Arabic name
ديار واحة النزيل,Diyar Waha Al Nzyl Hotel,228,200,المدينة المنورة,المنطقة المركزية,المنطقة المركزية / Central Zone,داخل المنطقة المركزية / Central Area,0,المخطط الإرشادي للمسجد النبوي ومرافقه وفنادق المنطقة المركزية,,1448هـ / 2026م,رسمي موثق / Official Verified,تمت مطابقة الاسم ورقم الموقع من المخطط المرفق؛ الترخيص التجاري يحتاج تحققًا مستقلاً,ديار واحة النزيل,Standardized transliteration from official-map Arabic name
ديوان الهجرة,Dywan Al Hijrah Hotel,337,300,المدينة المنورة,المنطقة المركزية,المنطقة المركزية / Central Zone,داخل المنطقة المركزية / Central Area,0,المخطط الإرشادي للمسجد النبوي ومرافقه وفنادق المنطقة المركزية,,1448هـ / 2026م,رسمي موثق / Official Verified,تمت مطابقة الاسم ورقم الموقع من المخطط المرفق؛ الترخيص التجاري يحتاج تحققًا مستقلاً,ديوان الهجرة,Standardized transliteration from official-map Arabic name
ديوان المدينة,Diwan Al Madinah,474,400,المدينة المنورة,المنطقة المركزية,المنطقة المركزية / Central Zone,داخل المنطقة المركزية / Central Area,0,المخطط الإرشادي للمسجد النبوي ومرافقه وفنادق المنطقة المركزية,,1448هـ / 2026م,رسمي موثق / Official Verified,تمت مطابقة الاسم ورقم الموقع من المخطط المرفق؛ الترخيص التجاري يحتاج تحققًا مستقلاً,ديوان المدينة,Existing verified English name
ديوان روز,Dywan Rwz Hotel,314,300,المدينة المنورة,المنطقة المركزية,المنطقة المركزية / Central Zone,داخل المنطقة المركزية / Central Area,0,المخطط الإرشادي للمسجد النبوي ومرافقه وفنادق المنطقة المركزية,,1448هـ / 2026م,رسمي موثق / Official Verified,تمت مطابقة الاسم ورقم الموقع من المخطط المرفق؛ الترخيص التجاري يحتاج تحققًا مستقلاً,ديوان روز,Standardized transliteration from official-map Arabic name
أروية الصفوة الذهبي,Arwya Al Safwa Golden Hotel,159,100,المدينة المنورة,المنطقة المركزية,المنطقة المركزية / Central Zone,داخل المنطقة المركزية / Central Area,0,المخطط الإرشادي للمسجد النبوي ومرافقه وفنادق المنطقة المركزية,,1448هـ / 2026م,رسمي موثق / Official Verified,تمت مطابقة الاسم ورقم الموقع من المخطط المرفق؛ الترخيص التجاري يحتاج تحققًا مستقلاً,أروية الصفوة الذهبي,Standardized transliteration from official-map Arabic name
رحاب هارموني,Rhab Harmwny Hotel,384,300,المدينة المنورة,المنطقة المركزية,المنطقة المركزية / Central Zone,داخل المنطقة المركزية / Central Area,0,المخطط الإرشادي للمسجد النبوي ومرافقه وفنادق المنطقة المركزية,,1448هـ / 2026م,رسمي موثق / Official Verified,تمت مطابقة الاسم ورقم الموقع من المخطط المرفق؛ الترخيص التجاري يحتاج تحققًا مستقلاً,رحاب هارموني,Standardized transliteration from official-map Arabic name
روابي الزهراء,Rwaby Al Zhra' Hotel,300,300,المدينة المنورة,المنطقة المركزية,المنطقة المركزية / Central Zone,داخل المنطقة المركزية / Central Area,0,المخطط الإرشادي للمسجد النبوي ومرافقه وفنادق المنطقة المركزية,,1448هـ / 2026م,رسمي موثق / Official Verified,تمت مطابقة الاسم ورقم الموقع من المخطط المرفق؛ الترخيص التجاري يحتاج تحققًا مستقلاً,روابي الزهراء,Standardized transliteration from official-map Arabic name
روتانا المسك,Rotana Al Msk Hotel,124,100,المدينة المنورة,المنطقة المركزية,المنطقة المركزية / Central Zone,داخل المنطقة المركزية / Central Area,0,المخطط الإرشادي للمسجد النبوي ومرافقه وفنادق المنطقة المركزية,,1448هـ / 2026م,رسمي موثق / Official Verified,تمت مطابقة الاسم ورقم الموقع من المخطط المرفق؛ الترخيص التجاري يحتاج تحققًا مستقلاً,روتانا المسك,Standardized transliteration from official-map Arabic name
روز هوليداي 1,Rwz Hwlyday 1 Hotel,358,300,المدينة المنورة,المنطقة المركزية,المنطقة المركزية / Central Zone,داخل المنطقة المركزية / Central Area,0,المخطط الإرشادي للمسجد النبوي ومرافقه وفنادق المنطقة المركزية,,1448هـ / 2026م,رسمي موثق / Official Verified,تمت مطابقة الاسم ورقم الموقع من المخطط المرفق؛ الترخيص التجاري يحتاج تحققًا مستقلاً,روز هوليداي 1,Standardized transliteration from official-map Arabic name
روز هوليداي 2,Rwz Hwlyday 2 Hotel,352,300,المدينة المنورة,المنطقة المركزية,المنطقة المركزية / Central Zone,داخل المنطقة المركزية / Central Area,0,المخطط الإرشادي للمسجد النبوي ومرافقه وفنادق المنطقة المركزية,,1448هـ / 2026م,رسمي موثق / Official Verified,تمت مطابقة الاسم ورقم الموقع من المخطط المرفق؛ الترخيص التجاري يحتاج تحققًا مستقلاً,روز هوليداي 2,Standardized transliteration from official-map Arabic name
روز هوليداي 3,Rwz Hwlyday 3 Hotel,468,400,المدينة المنورة,المنطقة المركزية,المنطقة المركزية / Central Zone,داخل المنطقة المركزية / Central Area,0,المخطط الإرشادي للمسجد النبوي ومرافقه وفنادق المنطقة المركزية,,1448هـ / 2026م,رسمي موثق / Official Verified,تمت مطابقة الاسم ورقم الموقع من المخطط المرفق؛ الترخيص التجاري يحتاج تحققًا مستقلاً,روز هوليداي 3,Standardized transliteration from official-map Arabic name
المختارة العالمي,Al Mukhtara Al Aalmy Hotel,178,100,المدينة المنورة,المنطقة المركزية,المنطقة المركزية / Central Zone,داخل المنطقة المركزية / Central Area,0,المخطط الإرشادي للمسجد النبوي ومرافقه وفنادق المنطقة المركزية,,1448هـ / 2026م,رسمي موثق / Official Verified,تمت مطابقة الاسم ورقم الموقع من المخطط المرفق؛ الترخيص التجاري يحتاج تحققًا مستقلاً,المختارة العالمي,Standardized transliteration from official-map Arabic name
المختارة الغربي,Al Mukhtara Al Ghrby Hotel,214,200,المدينة المنورة,المنطقة المركزية,المنطقة المركزية / Central Zone,داخل المنطقة المركزية / Central Area,0,المخطط الإرشادي للمسجد النبوي ومرافقه وفنادق المنطقة المركزية,,1448هـ / 2026م,رسمي موثق / Official Verified,تمت مطابقة الاسم ورقم الموقع من المخطط المرفق؛ الترخيص التجاري يحتاج تحققًا مستقلاً,المختارة الغربي,Standardized transliteration from official-map Arabic name
المختارة الماسي,Al Mukhtara Almasi Hotel,359,300,المدينة المنورة,المنطقة المركزية,المنطقة المركزية / Central Zone,داخل المنطقة المركزية / Central Area,0,المخطط الإرشادي للمسجد النبوي ومرافقه وفنادق المنطقة المركزية,,1448هـ / 2026م,رسمي موثق / Official Verified,تمت مطابقة الاسم ورقم الموقع من المخطط المرفق؛ الترخيص التجاري يحتاج تحققًا مستقلاً,المختارة الماسي,Standardized transliteration from official-map Arabic name
المختارة بلازا,Al Mukhtara Plaza,470,400,المدينة المنورة,المنطقة المركزية,المنطقة المركزية / Central Zone,داخل المنطقة المركزية / Central Area,0,المخطط الإرشادي للمسجد النبوي ومرافقه وفنادق المنطقة المركزية,,1448هـ / 2026م,رسمي موثق / Official Verified,تمت مطابقة الاسم ورقم الموقع من المخطط المرفق؛ الترخيص التجاري يحتاج تحققًا مستقلاً,المختارة بلازا,Existing verified English name
أبراج طابة,Abraj Taba Hotel,166,100,المدينة المنورة,المنطقة المركزية,المنطقة المركزية / Central Zone,داخل المنطقة المركزية / Central Area,0,المخطط الإرشادي للمسجد النبوي ومرافقه وفنادق المنطقة المركزية,,1448هـ / 2026م,رسمي موثق / Official Verified,تمت مطابقة الاسم ورقم الموقع من المخطط المرفق؛ الترخيص التجاري يحتاج تحققًا مستقلاً,أبراج طابة,Standardized transliteration from official-map Arabic name
أبراج طابة الفضي,Abraj Taba Al Fdy Hotel,333,300,المدينة المنورة,المنطقة المركزية,المنطقة المركزية / Central Zone,داخل المنطقة المركزية / Central Area,0,المخطط الإرشادي للمسجد النبوي ومرافقه وفنادق المنطقة المركزية,,1448هـ / 2026م,رسمي موثق / Official Verified,تمت مطابقة الاسم ورقم الموقع من المخطط المرفق؛ الترخيص التجاري يحتاج تحققًا مستقلاً,أبراج طابة الفضي,Standardized transliteration from official-map Arabic name
أجنحة الروضة الفاخرة,Suites Al Rawda Al Fakhra,116,100,المدينة المنورة,المنطقة المركزية,المنطقة المركزية / Central Zone,داخل المنطقة المركزية / Central Area,0,المخطط الإرشادي للمسجد النبوي ومرافقه وفنادق المنطقة المركزية,,1448هـ / 2026م,رسمي موثق / Official Verified,تمت مطابقة الاسم ورقم الموقع من المخطط المرفق؛ الترخيص التجاري يحتاج تحققًا مستقلاً,أجنحة الروضة الفاخرة,Standardized transliteration from official-map Arabic name
أرجوان الذهبي,Arjwan Golden Hotel,256,200,المدينة المنورة,المنطقة المركزية,المنطقة المركزية / Central Zone,داخل المنطقة المركزية / Central Area,0,المخطط الإرشادي للمسجد النبوي ومرافقه وفنادق المنطقة المركزية,,1448هـ / 2026م,رسمي موثق / Official Verified,تمت مطابقة الاسم ورقم الموقع من المخطط المرفق؛ الترخيص التجاري يحتاج تحققًا مستقلاً,أرجوان الذهبي,Standardized transliteration from official-map Arabic name
أرجوان السعادة,Arjwan Al Saadah Hotel,212,200,المدينة المنورة,المنطقة المركزية,المنطقة المركزية / Central Zone,داخل المنطقة المركزية / Central Area,0,المخطط الإرشادي للمسجد النبوي ومرافقه وفنادق المنطقة المركزية,,1448هـ / 2026م,رسمي موثق / Official Verified,تمت مطابقة الاسم ورقم الموقع من المخطط المرفق؛ الترخيص التجاري يحتاج تحققًا مستقلاً,أرجوان السعادة,Standardized transliteration from official-map Arabic name
أرجوان السلام,Arjwan Al Salam Hotel,323,300,المدينة المنورة,المنطقة المركزية,المنطقة المركزية / Central Zone,داخل المنطقة المركزية / Central Area,0,المخطط الإرشادي للمسجد النبوي ومرافقه وفنادق المنطقة المركزية,,1448هـ / 2026م,رسمي موثق / Official Verified,تمت مطابقة الاسم ورقم الموقع من المخطط المرفق؛ الترخيص التجاري يحتاج تحققًا مستقلاً,أرجوان السلام,Standardized transliteration from official-map Arabic name
أرجوان المدينة,Arjwan Madinah Hotel,318,300,المدينة المنورة,المنطقة المركزية,المنطقة المركزية / Central Zone,داخل المنطقة المركزية / Central Area,0,المخطط الإرشادي للمسجد النبوي ومرافقه وفنادق المنطقة المركزية,,1448هـ / 2026م,رسمي موثق / Official Verified,تمت مطابقة الاسم ورقم الموقع من المخطط المرفق؛ الترخيص التجاري يحتاج تحققًا مستقلاً,أرجوان المدينة,Standardized transliteration from official-map Arabic name
أرجوان روز,Arjwan Rwz Hotel,329,300,المدينة المنورة,المنطقة المركزية,المنطقة المركزية / Central Zone,داخل المنطقة المركزية / Central Area,0,المخطط الإرشادي للمسجد النبوي ومرافقه وفنادق المنطقة المركزية,,1448هـ / 2026م,رسمي موثق / Official Verified,تمت مطابقة الاسم ورقم الموقع من المخطط المرفق؛ الترخيص التجاري يحتاج تحققًا مستقلاً,أرجوان روز,Standardized transliteration from official-map Arabic name
أركان الذهبي,Arkan Golden Hotel,118,100,المدينة المنورة,المنطقة المركزية,المنطقة المركزية / Central Zone,داخل المنطقة المركزية / Central Area,0,المخطط الإرشادي للمسجد النبوي ومرافقه وفنادق المنطقة المركزية,,1448هـ / 2026م,رسمي موثق / Official Verified,تمت مطابقة الاسم ورقم الموقع من المخطط المرفق؛ الترخيص التجاري يحتاج تحققًا مستقلاً,أركان الذهبي,Standardized transliteration from official-map Arabic name
أركان المنار,Arkan Al Mnar Hotel,169,100,المدينة المنورة,المنطقة المركزية,المنطقة المركزية / Central Zone,داخل المنطقة المركزية / Central Area,0,المخطط الإرشادي للمسجد النبوي ومرافقه وفنادق المنطقة المركزية,,1448هـ / 2026م,رسمي موثق / Official Verified,تمت مطابقة الاسم ورقم الموقع من المخطط المرفق؛ الترخيص التجاري يحتاج تحققًا مستقلاً,أركان المنار,Standardized transliteration from official-map Arabic name
أريك طيبة,Aryk Taiba Hotel,223,200,المدينة المنورة,المنطقة المركزية,المنطقة المركزية / Central Zone,داخل المنطقة المركزية / Central Area,0,المخطط الإرشادي للمسجد النبوي ومرافقه وفنادق المنطقة المركزية,,1448هـ / 2026م,رسمي موثق / Official Verified,تمت مطابقة الاسم ورقم الموقع من المخطط المرفق؛ الترخيص التجاري يحتاج تحققًا مستقلاً,أريك طيبة,Standardized transliteration from official-map Arabic name
أزهار سلسبيل,Azhar Slsbyl Hotel,349,300,المدينة المنورة,المنطقة المركزية,المنطقة المركزية / Central Zone,داخل المنطقة المركزية / Central Area,0,المخطط الإرشادي للمسجد النبوي ومرافقه وفنادق المنطقة المركزية,,1448هـ / 2026م,رسمي موثق / Official Verified,تمت مطابقة الاسم ورقم الموقع من المخطط المرفق؛ الترخيص التجاري يحتاج تحققًا مستقلاً,أزهار سلسبيل,Standardized transliteration from official-map Arabic name
أمجاد السلام,Amjad Al Salam Hotel,122,100,المدينة المنورة,المنطقة المركزية,المنطقة المركزية / Central Zone,داخل المنطقة المركزية / Central Area,0,المخطط الإرشادي للمسجد النبوي ومرافقه وفنادق المنطقة المركزية,,1448هـ / 2026م,رسمي موثق / Official Verified,تمت مطابقة الاسم ورقم الموقع من المخطط المرفق؛ الترخيص التجاري يحتاج تحققًا مستقلاً,أمجاد السلام,Standardized transliteration from official-map Arabic name
أمجاد الغراء,Amjad Al Ghra' Hotel,215,200,المدينة المنورة,المنطقة المركزية,المنطقة المركزية / Central Zone,داخل المنطقة المركزية / Central Area,0,المخطط الإرشادي للمسجد النبوي ومرافقه وفنادق المنطقة المركزية,,1448هـ / 2026م,رسمي موثق / Official Verified,تمت مطابقة الاسم ورقم الموقع من المخطط المرفق؛ الترخيص التجاري يحتاج تحققًا مستقلاً,أمجاد الغراء,Standardized transliteration from official-map Arabic name
أستونيس طيبة,Astwnys Taiba Hotel,126,100,المدينة المنورة,المنطقة المركزية,المنطقة المركزية / Central Zone,داخل المنطقة المركزية / Central Area,0,المخطط الإرشادي للمسجد النبوي ومرافقه وفنادق المنطقة المركزية,,1448هـ / 2026م,رسمي موثق / Official Verified,تمت مطابقة الاسم ورقم الموقع من المخطط المرفق؛ الترخيص التجاري يحتاج تحققًا مستقلاً,أستونيس طيبة,Standardized transliteration from official-map Arabic name
أنتيرا من كونتيننتال,Antyra Mn Kwntynntal Hotel,125,100,المدينة المنورة,المنطقة المركزية,المنطقة المركزية / Central Zone,داخل المنطقة المركزية / Central Area,0,المخطط الإرشادي للمسجد النبوي ومرافقه وفنادق المنطقة المركزية,,1448هـ / 2026م,رسمي موثق / Official Verified,تمت مطابقة الاسم ورقم الموقع من المخطط المرفق؛ الترخيص التجاري يحتاج تحققًا مستقلاً,أنتيرا من كونتيننتال,Standardized transliteration from official-map Arabic name
إعمار إيليت,Emaar Elite Hotel,165,100,المدينة المنورة,المنطقة المركزية,المنطقة المركزية / Central Zone,داخل المنطقة المركزية / Central Area,0,المخطط الإرشادي للمسجد النبوي ومرافقه وفنادق المنطقة المركزية,,1448هـ / 2026م,رسمي موثق / Official Verified,تمت مطابقة الاسم ورقم الموقع من المخطط المرفق؛ الترخيص التجاري يحتاج تحققًا مستقلاً,إعمار إيليت,Standardized transliteration from official-map Arabic name
إعمار رويال,Emaar Royal Hotel,123,100,المدينة المنورة,المنطقة المركزية,المنطقة المركزية / Central Zone,داخل المنطقة المركزية / Central Area,0,المخطط الإرشادي للمسجد النبوي ومرافقه وفنادق المنطقة المركزية,,1448هـ / 2026م,رسمي موثق / Official Verified,تمت مطابقة الاسم ورقم الموقع من المخطط المرفق؛ الترخيص التجاري يحتاج تحققًا مستقلاً,إعمار رويال,Standardized transliteration from official-map Arabic name
إعمار طيبة,Emaar Taiba Hotel,335,300,المدينة المنورة,المنطقة المركزية,المنطقة المركزية / Central Zone,داخل المنطقة المركزية / Central Area,0,المخطط الإرشادي للمسجد النبوي ومرافقه وفنادق المنطقة المركزية,,1448هـ / 2026م,رسمي موثق / Official Verified,تمت مطابقة الاسم ورقم الموقع من المخطط المرفق؛ الترخيص التجاري يحتاج تحققًا مستقلاً,إعمار طيبة,Standardized transliteration from official-map Arabic name
إعمار مكان,Emaar Mkan Hotel,206,200,المدينة المنورة,المنطقة المركزية,المنطقة المركزية / Central Zone,داخل المنطقة المركزية / Central Area,0,المخطط الإرشادي للمسجد النبوي ومرافقه وفنادق المنطقة المركزية,,1448هـ / 2026م,رسمي موثق / Official Verified,تمت مطابقة الاسم ورقم الموقع من المخطط المرفق؛ الترخيص التجاري يحتاج تحققًا مستقلاً,إعمار مكان,Standardized transliteration from official-map Arabic name
أنوار الزهراء,Anwar Al Zhra' Hotel,387,300,المدينة المنورة,المنطقة المركزية,المنطقة المركزية / Central Zone,داخل المنطقة المركزية / Central Area,0,المخطط الإرشادي للمسجد النبوي ومرافقه وفنادق المنطقة المركزية,,1448هـ / 2026م,رسمي موثق / Official Verified,تمت مطابقة الاسم ورقم الموقع من المخطط المرفق؛ الترخيص التجاري يحتاج تحققًا مستقلاً,أنوار الزهراء,Standardized transliteration from official-map Arabic name
أنوار المدينة موفنبيك,Anwar Madinah Mövenpick Hotel,163,100,المدينة المنورة,المنطقة المركزية,المنطقة المركزية / Central Zone,داخل المنطقة المركزية / Central Area,0,المخطط الإرشادي للمسجد النبوي ومرافقه وفنادق المنطقة المركزية,,1448هـ / 2026م,رسمي موثق / Official Verified,تمت مطابقة الاسم ورقم الموقع من المخطط المرفق؛ الترخيص التجاري يحتاج تحققًا مستقلاً,أنوار المدينة موفنبيك,Standardized transliteration from official-map Arabic name
أودست المدينة,Awdst Madinah Hotel,137,100,المدينة المنورة,المنطقة المركزية,المنطقة المركزية / Central Zone,داخل المنطقة المركزية / Central Area,0,المخطط الإرشادي للمسجد النبوي ومرافقه وفنادق المنطقة المركزية,,1448هـ / 2026م,رسمي موثق / Official Verified,تمت مطابقة الاسم ورقم الموقع من المخطط المرفق؛ الترخيص التجاري يحتاج تحققًا مستقلاً,أودست المدينة,Standardized transliteration from official-map Arabic name
إيلاف التقوى,Elaf Al Taqwa,401,400,المدينة المنورة,المنطقة المركزية,المنطقة المركزية / Central Zone,داخل المنطقة المركزية / Central Area,0,المخطط الإرشادي للمسجد النبوي ومرافقه وفنادق المنطقة المركزية,,1448هـ / 2026م,رسمي موثق / Official Verified,تمت مطابقة الاسم ورقم الموقع من المخطط المرفق؛ الترخيص التجاري يحتاج تحققًا مستقلاً,إيلاف التقوى,Existing verified English name
إيلاف طيبة,Elaf Taiba Hotel,164,100,المدينة المنورة,المنطقة المركزية,المنطقة المركزية / Central Zone,داخل المنطقة المركزية / Central Area,0,المخطط الإرشادي للمسجد النبوي ومرافقه وفنادق المنطقة المركزية,,1448هـ / 2026م,رسمي موثق / Official Verified,تمت مطابقة الاسم ورقم الموقع من المخطط المرفق؛ الترخيص التجاري يحتاج تحققًا مستقلاً,إيلاف طيبة,Standardized transliteration from official-map Arabic name
الأمان العربية,Al Aman Al Arbya Hotel,102,100,المدينة المنورة,المنطقة المركزية,المنطقة المركزية / Central Zone,داخل المنطقة المركزية / Central Area,0,المخطط الإرشادي للمسجد النبوي ومرافقه وفنادق المنطقة المركزية,,1448هـ / 2026م,رسمي موثق / Official Verified,تمت مطابقة الاسم ورقم الموقع من المخطط المرفق؛ الترخيص التجاري يحتاج تحققًا مستقلاً,الأمان العربية,Standardized transliteration from official-map Arabic name
الأندلس الفاخر,Alandalus Al Fakhr Hotel,140,100,المدينة المنورة,المنطقة المركزية,المنطقة المركزية / Central Zone,داخل المنطقة المركزية / Central Area,0,المخطط الإرشادي للمسجد النبوي ومرافقه وفنادق المنطقة المركزية,,1448هـ / 2026م,رسمي موثق / Official Verified,تمت مطابقة الاسم ورقم الموقع من المخطط المرفق؛ الترخيص التجاري يحتاج تحققًا مستقلاً,الأندلس الفاخر,Standardized transliteration from official-map Arabic name
الأندلس الماسي,Alandalus Almasi Hotel,471,400,المدينة المنورة,المنطقة المركزية,المنطقة المركزية / Central Zone,داخل المنطقة المركزية / Central Area,0,المخطط الإرشادي للمسجد النبوي ومرافقه وفنادق المنطقة المركزية,,1448هـ / 2026م,رسمي موثق / Official Verified,تمت مطابقة الاسم ورقم الموقع من المخطط المرفق؛ الترخيص التجاري يحتاج تحققًا مستقلاً,الأندلس الماسي,Standardized transliteration from official-map Arabic name
الأندلس المدينة,Alandalus Madinah Hotel,254,200,المدينة المنورة,المنطقة المركزية,المنطقة المركزية / Central Zone,داخل المنطقة المركزية / Central Area,0,المخطط الإرشادي للمسجد النبوي ومرافقه وفنادق المنطقة المركزية,,1448هـ / 2026م,رسمي موثق / Official Verified,تمت مطابقة الاسم ورقم الموقع من المخطط المرفق؛ الترخيص التجاري يحتاج تحققًا مستقلاً,الأندلس المدينة,Standardized transliteration from official-map Arabic name
الأندلس بلازا,Alandalus Plaza Hotel,253,200,المدينة المنورة,المنطقة المركزية,المنطقة المركزية / Central Zone,داخل المنطقة المركزية / Central Area,0,المخطط الإرشادي للمسجد النبوي ومرافقه وفنادق المنطقة المركزية,,1448هـ / 2026م,رسمي موثق / Official Verified,تمت مطابقة الاسم ورقم الموقع من المخطط المرفق؛ الترخيص التجاري يحتاج تحققًا مستقلاً,الأندلس بلازا,Standardized transliteration from official-map Arabic name
الأندلس دار السلام,Alandalus Dar Al Salam Hotel,361,300,المدينة المنورة,المنطقة المركزية,المنطقة المركزية / Central Zone,داخل المنطقة المركزية / Central Area,0,المخطط الإرشادي للمسجد النبوي ومرافقه وفنادق المنطقة المركزية,,1448هـ / 2026م,رسمي موثق / Official Verified,تمت مطابقة الاسم ورقم الموقع من المخطط المرفق؛ الترخيص التجاري يحتاج تحققًا مستقلاً,الأندلس دار السلام,Standardized transliteration from official-map Arabic name
الأنصار بلاتينوم,Al Ansar Blatynwm Hotel,141,100,المدينة المنورة,المنطقة المركزية,المنطقة المركزية / Central Zone,داخل المنطقة المركزية / Central Area,0,المخطط الإرشادي للمسجد النبوي ومرافقه وفنادق المنطقة المركزية,,1448هـ / 2026م,رسمي موثق / Official Verified,تمت مطابقة الاسم ورقم الموقع من المخطط المرفق؛ الترخيص التجاري يحتاج تحققًا مستقلاً,الأنصار بلاتينوم,Standardized transliteration from official-map Arabic name
الأنصار جولدن توليب,Al Ansar Golden Tulip Hotel,142,100,المدينة المنورة,المنطقة المركزية,المنطقة المركزية / Central Zone,داخل المنطقة المركزية / Central Area,0,المخطط الإرشادي للمسجد النبوي ومرافقه وفنادق المنطقة المركزية,,1448هـ / 2026م,رسمي موثق / Official Verified,تمت مطابقة الاسم ورقم الموقع من المخطط المرفق؛ الترخيص التجاري يحتاج تحققًا مستقلاً,الأنصار جولدن توليب,Standardized transliteration from official-map Arabic name
المروة كريم,Al Mrwa Krym Hotel,334,300,المدينة المنورة,المنطقة المركزية,المنطقة المركزية / Central Zone,داخل المنطقة المركزية / Central Area,0,المخطط الإرشادي للمسجد النبوي ومرافقه وفنادق المنطقة المركزية,,1448هـ / 2026م,رسمي موثق / Official Verified,تمت مطابقة الاسم ورقم الموقع من المخطط المرفق؛ الترخيص التجاري يحتاج تحققًا مستقلاً,المروة كريم,Standardized transliteration from official-map Arabic name
البسفور,Bosphorus Hotel,306,300,المدينة المنورة,المنطقة المركزية,المنطقة المركزية / Central Zone,داخل المنطقة المركزية / Central Area,0,المخطط الإرشادي للمسجد النبوي ومرافقه وفنادق المنطقة المركزية,,1448هـ / 2026م,رسمي موثق / Official Verified,تمت مطابقة الاسم ورقم الموقع من المخطط المرفق؛ الترخيص التجاري يحتاج تحققًا مستقلاً,البسفور,Standardized transliteration from official-map Arabic name
البسفور 2,Al Bosphorus 2,446,400,المدينة المنورة,المنطقة المركزية,المنطقة المركزية / Central Zone,داخل المنطقة المركزية / Central Area,0,المخطط الإرشادي للمسجد النبوي ومرافقه وفنادق المنطقة المركزية,,1448هـ / 2026م,رسمي موثق / Official Verified,تمت مطابقة الاسم ورقم الموقع من المخطط المرفق؛ الترخيص التجاري يحتاج تحققًا مستقلاً,البسفور 2,Existing verified English name
الحياة العالمي,Al Hyaa Al Aalmy Hotel,175,100,المدينة المنورة,المنطقة المركزية,المنطقة المركزية / Central Zone,داخل المنطقة المركزية / Central Area,0,المخطط الإرشادي للمسجد النبوي ومرافقه وفنادق المنطقة المركزية,,1448هـ / 2026م,رسمي موثق / Official Verified,تمت مطابقة الاسم ورقم الموقع من المخطط المرفق؛ الترخيص التجاري يحتاج تحققًا مستقلاً,الحياة العالمي,Standardized transliteration from official-map Arabic name
الدار روافد توليب إن,Al Dar Rwafd Tulip In Hotel,219,200,المدينة المنورة,المنطقة المركزية,المنطقة المركزية / Central Zone,داخل المنطقة المركزية / Central Area,0,المخطط الإرشادي للمسجد النبوي ومرافقه وفنادق المنطقة المركزية,,1448هـ / 2026م,رسمي موثق / Official Verified,تمت مطابقة الاسم ورقم الموقع من المخطط المرفق؛ الترخيص التجاري يحتاج تحققًا مستقلاً,الدار روافد توليب إن,Standardized transliteration from official-map Arabic name
الذهبي جولدن توليب,Golden Golden Tulip Hotel,107,100,المدينة المنورة,المنطقة المركزية,المنطقة المركزية / Central Zone,داخل المنطقة المركزية / Central Area,0,المخطط الإرشادي للمسجد النبوي ومرافقه وفنادق المنطقة المركزية,,1448هـ / 2026م,رسمي موثق / Official Verified,تمت مطابقة الاسم ورقم الموقع من المخطط المرفق؛ الترخيص التجاري يحتاج تحققًا مستقلاً,الذهبي جولدن توليب,Standardized transliteration from official-map Arabic name
الريتز المدينة,Al Rytz Madinah Hotel,148,100,المدينة المنورة,المنطقة المركزية,المنطقة المركزية / Central Zone,داخل المنطقة المركزية / Central Area,0,المخطط الإرشادي للمسجد النبوي ومرافقه وفنادق المنطقة المركزية,,1448هـ / 2026م,رسمي موثق / Official Verified,تمت مطابقة الاسم ورقم الموقع من المخطط المرفق؛ الترخيص التجاري يحتاج تحققًا مستقلاً,الريتز المدينة,Standardized transliteration from official-map Arabic name
الزهراء,Al Zhra' Hotel,248,200,المدينة المنورة,المنطقة المركزية,المنطقة المركزية / Central Zone,داخل المنطقة المركزية / Central Area,0,المخطط الإرشادي للمسجد النبوي ومرافقه وفنادق المنطقة المركزية,,1448هـ / 2026م,رسمي موثق / Official Verified,تمت مطابقة الاسم ورقم الموقع من المخطط المرفق؛ الترخيص التجاري يحتاج تحققًا مستقلاً,الزهراء,Standardized transliteration from official-map Arabic name
السعفة,Al Safa Hotel,322,300,المدينة المنورة,المنطقة المركزية,المنطقة المركزية / Central Zone,داخل المنطقة المركزية / Central Area,0,المخطط الإرشادي للمسجد النبوي ومرافقه وفنادق المنطقة المركزية,,1448هـ / 2026م,رسمي موثق / Official Verified,تمت مطابقة الاسم ورقم الموقع من المخطط المرفق؛ الترخيص التجاري يحتاج تحققًا مستقلاً,السعفة,Standardized transliteration from official-map Arabic name
السعفة الذهبية,Al Safa Golden Hotel,310,300,المدينة المنورة,المنطقة المركزية,المنطقة المركزية / Central Zone,داخل المنطقة المركزية / Central Area,0,المخطط الإرشادي للمسجد النبوي ومرافقه وفنادق المنطقة المركزية,,1448هـ / 2026م,رسمي موثق / Official Verified,تمت مطابقة الاسم ورقم الموقع من المخطط المرفق؛ الترخيص التجاري يحتاج تحققًا مستقلاً,السعفة الذهبية,Standardized transliteration from official-map Arabic name
الشاكرين جولدن توليب,Al Shakryn Golden Tulip Hotel,110,100,المدينة المنورة,المنطقة المركزية,المنطقة المركزية / Central Zone,داخل المنطقة المركزية / Central Area,0,المخطط الإرشادي للمسجد النبوي ومرافقه وفنادق المنطقة المركزية,,1448هـ / 2026م,رسمي موثق / Official Verified,تمت مطابقة الاسم ورقم الموقع من المخطط المرفق؛ الترخيص التجاري يحتاج تحققًا مستقلاً,الشاكرين جولدن توليب,Standardized transliteration from official-map Arabic name
الشام الإقليمية - بروفنس,Al Sham Al Iqlymya Brwfns Hotel,410,400,المدينة المنورة,المنطقة المركزية,المنطقة المركزية / Central Zone,داخل المنطقة المركزية / Central Area,0,المخطط الإرشادي للمسجد النبوي ومرافقه وفنادق المنطقة المركزية,,1448هـ / 2026م,رسمي موثق / Official Verified,تمت مطابقة الاسم ورقم الموقع من المخطط المرفق؛ الترخيص التجاري يحتاج تحققًا مستقلاً,الشام الإقليمية - بروفنس,Standardized transliteration from official-map Arabic name
الفيروز الذهبي,Al Fyrwz Golden Hotel,146,100,المدينة المنورة,المنطقة المركزية,المنطقة المركزية / Central Zone,داخل المنطقة المركزية / Central Area,0,المخطط الإرشادي للمسجد النبوي ومرافقه وفنادق المنطقة المركزية,,1448هـ / 2026م,رسمي موثق / Official Verified,تمت مطابقة الاسم ورقم الموقع من المخطط المرفق؛ الترخيص التجاري يحتاج تحققًا مستقلاً,الفيروز الذهبي,Standardized transliteration from official-map Arabic name
الفيروز شذا,Al Fyrwz Shdha Hotel,340,300,المدينة المنورة,المنطقة المركزية,المنطقة المركزية / Central Zone,داخل المنطقة المركزية / Central Area,0,المخطط الإرشادي للمسجد النبوي ومرافقه وفنادق المنطقة المركزية,,1448هـ / 2026م,رسمي موثق / Official Verified,تمت مطابقة الاسم ورقم الموقع من المخطط المرفق؛ الترخيص التجاري يحتاج تحققًا مستقلاً,الفيروز شذا,Standardized transliteration from official-map Arabic name
المحراب طيبة,Al Mhrab Taiba Hotel,106,100,المدينة المنورة,المنطقة المركزية,المنطقة المركزية / Central Zone,داخل المنطقة المركزية / Central Area,0,المخطط الإرشادي للمسجد النبوي ومرافقه وفنادق المنطقة المركزية,,1448هـ / 2026م,رسمي موثق / Official Verified,تمت مطابقة الاسم ورقم الموقع من المخطط المرفق؛ الترخيص التجاري يحتاج تحققًا مستقلاً,المحراب طيبة,Standardized transliteration from official-map Arabic name
المختارة الذهبي,Al Mukhtara Golden Hotel,354,300,المدينة المنورة,المنطقة المركزية,المنطقة المركزية / Central Zone,داخل المنطقة المركزية / Central Area,0,المخطط الإرشادي للمسجد النبوي ومرافقه وفنادق المنطقة المركزية,,1448هـ / 2026م,رسمي موثق / Official Verified,تمت مطابقة الاسم ورقم الموقع من المخطط المرفق؛ الترخيص التجاري يحتاج تحققًا مستقلاً,المختارة الذهبي,Standardized transliteration from official-map Arabic name
المدينة الذهبي,Madinah Golden Hotel,414,400,المدينة المنورة,المنطقة المركزية,المنطقة المركزية / Central Zone,داخل المنطقة المركزية / Central Area,0,المخطط الإرشادي للمسجد النبوي ومرافقه وفنادق المنطقة المركزية,,1448هـ / 2026م,رسمي موثق / Official Verified,تمت مطابقة الاسم ورقم الموقع من المخطط المرفق؛ الترخيص التجاري يحتاج تحققًا مستقلاً,المدينة الذهبي,Standardized transliteration from official-map Arabic name
المدينة هيلتون,Madinah Hilton Hotel,150,100,المدينة المنورة,المنطقة المركزية,المنطقة المركزية / Central Zone,داخل المنطقة المركزية / Central Area,0,المخطط الإرشادي للمسجد النبوي ومرافقه وفنادق المنطقة المركزية,,1448هـ / 2026م,رسمي موثق / Official Verified,تمت مطابقة الاسم ورقم الموقع من المخطط المرفق؛ الترخيص التجاري يحتاج تحققًا مستقلاً,المدينة هيلتون,Standardized transliteration from official-map Arabic name
المرسى,Al Mrsa Hotel,135,100,المدينة المنورة,المنطقة المركزية,المنطقة المركزية / Central Zone,داخل المنطقة المركزية / Central Area,0,المخطط الإرشادي للمسجد النبوي ومرافقه وفنادق المنطقة المركزية,,1448هـ / 2026م,رسمي موثق / Official Verified,تمت مطابقة الاسم ورقم الموقع من المخطط المرفق؛ الترخيص التجاري يحتاج تحققًا مستقلاً,المرسى,Standardized transliteration from official-map Arabic name
المناخة روتانا 1,Al Manakha Rotana 1 Hotel,373,300,المدينة المنورة,المنطقة المركزية,المنطقة المركزية / Central Zone,داخل المنطقة المركزية / Central Area,0,المخطط الإرشادي للمسجد النبوي ومرافقه وفنادق المنطقة المركزية,,1448هـ / 2026م,رسمي موثق / Official Verified,تمت مطابقة الاسم ورقم الموقع من المخطط المرفق؛ الترخيص التجاري يحتاج تحققًا مستقلاً,المناخة روتانا 1,Standardized transliteration from official-map Arabic name
المناخة روتانا 2,Al Manakha Rotana 2 Hotel,372,300,المدينة المنورة,المنطقة المركزية,المنطقة المركزية / Central Zone,داخل المنطقة المركزية / Central Area,0,المخطط الإرشادي للمسجد النبوي ومرافقه وفنادق المنطقة المركزية,,1448هـ / 2026م,رسمي موثق / Official Verified,تمت مطابقة الاسم ورقم الموقع من المخطط المرفق؛ الترخيص التجاري يحتاج تحققًا مستقلاً,المناخة روتانا 2,Standardized transliteration from official-map Arabic name
المنى كريم,Al Mna Krym Hotel,122,100,المدينة المنورة,المنطقة المركزية,المنطقة المركزية / Central Zone,داخل المنطقة المركزية / Central Area,0,المخطط الإرشادي للمسجد النبوي ومرافقه وفنادق المنطقة المركزية,,1448هـ / 2026م,رسمي موثق / Official Verified,تمت مطابقة الاسم ورقم الموقع من المخطط المرفق؛ الترخيص التجاري يحتاج تحققًا مستقلاً,المنى كريم,Standardized transliteration from official-map Arabic name
بلازا إن أحد,Plaza In Ahd Hotel,332,300,المدينة المنورة,المنطقة المركزية,المنطقة المركزية / Central Zone,داخل المنطقة المركزية / Central Area,0,المخطط الإرشادي للمسجد النبوي ومرافقه وفنادق المنطقة المركزية,,1448هـ / 2026م,رسمي موثق / Official Verified,تمت مطابقة الاسم ورقم الموقع من المخطط المرفق؛ الترخيص التجاري يحتاج تحققًا مستقلاً,بلازا إن أحد,Standardized transliteration from official-map Arabic name
بينسك وورث,Bynsk Wwrth Hotel,127,100,المدينة المنورة,المنطقة المركزية,المنطقة المركزية / Central Zone,داخل المنطقة المركزية / Central Area,0,المخطط الإرشادي للمسجد النبوي ومرافقه وفنادق المنطقة المركزية,,1448هـ / 2026م,رسمي موثق / Official Verified,تمت مطابقة الاسم ورقم الموقع من المخطط المرفق؛ الترخيص التجاري يحتاج تحققًا مستقلاً,بينسك وورث,Standardized transliteration from official-map Arabic name
بيلتمور المدينة,Byltmwr Madinah Hotel,101,100,المدينة المنورة,المنطقة المركزية,المنطقة المركزية / Central Zone,داخل المنطقة المركزية / Central Area,0,المخطط الإرشادي للمسجد النبوي ومرافقه وفنادق المنطقة المركزية,,1448هـ / 2026م,رسمي موثق / Official Verified,تمت مطابقة الاسم ورقم الموقع من المخطط المرفق؛ الترخيص التجاري يحتاج تحققًا مستقلاً,بيلتمور المدينة,Standardized transliteration from official-map Arabic name
تاج ورد,Taj Wrd Hotel,446,400,المدينة المنورة,المنطقة المركزية,المنطقة المركزية / Central Zone,داخل المنطقة المركزية / Central Area,0,المخطط الإرشادي للمسجد النبوي ومرافقه وفنادق المنطقة المركزية,,1448هـ / 2026م,رسمي موثق / Official Verified,تمت مطابقة الاسم ورقم الموقع من المخطط المرفق؛ الترخيص التجاري يحتاج تحققًا مستقلاً,تاج ورد,Standardized transliteration from official-map Arabic name
جايدن,Jaydn Hotel,180,100,المدينة المنورة,المنطقة المركزية,المنطقة المركزية / Central Zone,داخل المنطقة المركزية / Central Area,0,المخطط الإرشادي للمسجد النبوي ومرافقه وفنادق المنطقة المركزية,,1448هـ / 2026م,رسمي موثق / Official Verified,تمت مطابقة الاسم ورقم الموقع من المخطط المرفق؛ الترخيص التجاري يحتاج تحققًا مستقلاً,جايدن,Standardized transliteration from official-map Arabic name
جراند الشهباء,Grand Al Shhba' Hotel,367,300,المدينة المنورة,المنطقة المركزية,المنطقة المركزية / Central Zone,داخل المنطقة المركزية / Central Area,0,المخطط الإرشادي للمسجد النبوي ومرافقه وفنادق المنطقة المركزية,,1448هـ / 2026م,رسمي موثق / Official Verified,تمت مطابقة الاسم ورقم الموقع من المخطط المرفق؛ الترخيص التجاري يحتاج تحققًا مستقلاً,جراند الشهباء,Standardized transliteration from official-map Arabic name
جراند الصافي,Grand Al Safy Hotel,350,300,المدينة المنورة,المنطقة المركزية,المنطقة المركزية / Central Zone,داخل المنطقة المركزية / Central Area,0,المخطط الإرشادي للمسجد النبوي ومرافقه وفنادق المنطقة المركزية,,1448هـ / 2026م,رسمي موثق / Official Verified,تمت مطابقة الاسم ورقم الموقع من المخطط المرفق؛ الترخيص التجاري يحتاج تحققًا مستقلاً,جراند الصافي,Standardized transliteration from official-map Arabic name
جراند بلازا السلام,Grand Plaza Al Salam Hotel,322,300,المدينة المنورة,المنطقة المركزية,المنطقة المركزية / Central Zone,داخل المنطقة المركزية / Central Area,0,المخطط الإرشادي للمسجد النبوي ومرافقه وفنادق المنطقة المركزية,,1448هـ / 2026م,رسمي موثق / Official Verified,تمت مطابقة الاسم ورقم الموقع من المخطط المرفق؛ الترخيص التجاري يحتاج تحققًا مستقلاً,جراند بلازا السلام,Standardized transliteration from official-map Arabic name
جراند بلازا بدر المقام,Grand Plaza Bdr Al Mqam Hotel,310,300,المدينة المنورة,المنطقة المركزية,المنطقة المركزية / Central Zone,داخل المنطقة المركزية / Central Area,0,المخطط الإرشادي للمسجد النبوي ومرافقه وفنادق المنطقة المركزية,,1448هـ / 2026م,رسمي موثق / Official Verified,تمت مطابقة الاسم ورقم الموقع من المخطط المرفق؛ الترخيص التجاري يحتاج تحققًا مستقلاً,جراند بلازا بدر المقام,Standardized transliteration from official-map Arabic name
جراند زوار,Grand Zwar Hotel,110,100,المدينة المنورة,المنطقة المركزية,المنطقة المركزية / Central Zone,داخل المنطقة المركزية / Central Area,0,المخطط الإرشادي للمسجد النبوي ومرافقه وفنادق المنطقة المركزية,,1448هـ / 2026م,رسمي موثق / Official Verified,تمت مطابقة الاسم ورقم الموقع من المخطط المرفق؛ الترخيص التجاري يحتاج تحققًا مستقلاً,جراند زوار,Standardized transliteration from official-map Arabic name
جلنار طيبة,Jlnar Taiba Hotel,212,200,المدينة المنورة,المنطقة المركزية,المنطقة المركزية / Central Zone,داخل المنطقة المركزية / Central Area,0,المخطط الإرشادي للمسجد النبوي ومرافقه وفنادق المنطقة المركزية,,1448هـ / 2026م,رسمي موثق / Official Verified,تمت مطابقة الاسم ورقم الموقع من المخطط المرفق؛ الترخيص التجاري يحتاج تحققًا مستقلاً,جلنار طيبة,Standardized transliteration from official-map Arabic name
جوار الأندلس,Jiwar Alandalus Hotel,436,400,المدينة المنورة,المنطقة المركزية,المنطقة المركزية / Central Zone,داخل المنطقة المركزية / Central Area,0,المخطط الإرشادي للمسجد النبوي ومرافقه وفنادق المنطقة المركزية,,1448هـ / 2026م,رسمي موثق / Official Verified,تمت مطابقة الاسم ورقم الموقع من المخطط المرفق؛ الترخيص التجاري يحتاج تحققًا مستقلاً,جوار الأندلس,Standardized transliteration from official-map Arabic name
جوار الساحة,Jiwar Al Saha Hotel,113,100,المدينة المنورة,المنطقة المركزية,المنطقة المركزية / Central Zone,داخل المنطقة المركزية / Central Area,0,المخطط الإرشادي للمسجد النبوي ومرافقه وفنادق المنطقة المركزية,,1448هـ / 2026م,رسمي موثق / Official Verified,تمت مطابقة الاسم ورقم الموقع من المخطط المرفق؛ الترخيص التجاري يحتاج تحققًا مستقلاً,جوار الساحة,Standardized transliteration from official-map Arabic name
جوار المدينة,Jiwar Madinah Hotel,428,400,المدينة المنورة,المنطقة المركزية,المنطقة المركزية / Central Zone,داخل المنطقة المركزية / Central Area,0,المخطط الإرشادي للمسجد النبوي ومرافقه وفنادق المنطقة المركزية,,1448هـ / 2026م,رسمي موثق / Official Verified,تمت مطابقة الاسم ورقم الموقع من المخطط المرفق؛ الترخيص التجاري يحتاج تحققًا مستقلاً,جوار المدينة,Standardized transliteration from official-map Arabic name
جوار طيبة,Jiwar Taiba Hotel,375,300,المدينة المنورة,المنطقة المركزية,المنطقة المركزية / Central Zone,داخل المنطقة المركزية / Central Area,0,المخطط الإرشادي للمسجد النبوي ومرافقه وفنادق المنطقة المركزية,,1448هـ / 2026م,رسمي موثق / Official Verified,تمت مطابقة الاسم ورقم الموقع من المخطط المرفق؛ الترخيص التجاري يحتاج تحققًا مستقلاً,جوار طيبة,Standardized transliteration from official-map Arabic name
فندق إيوان دار الهجرة,Ewan Dar Alhejra Hotel,,,المدينة المنورة,خارج المنطقة المركزية — قريب,خارج المنطقة المركزية / Outside Central Zone,قريب من المنطقة المركزية حتى 2 كم / Near Central up to 2 km,1.8,Booking.com,https://www.booking.com/hotel/sa/iwan-dar-alhejra.html,2026,يحتاج مراجعة / Needs Review,المسافة المنشورة لا تتجاوز 2 كم من المسجد النبوي,فندق إيوان دار الهجرة,Existing verified English name
فندق زها طيبة,Zaha Taiba Hotel,,,المدينة المنورة,خارج المنطقة المركزية — قريب,خارج المنطقة المركزية / Outside Central Zone,قريب من المنطقة المركزية حتى 2 كم / Near Central up to 2 km,1.6,Booking.com,https://www.booking.com/landmark/sa/al-masjid-an-nabawi-omar-bin-khattab-gate.html,2026,يحتاج مراجعة / Needs Review,المسافة المنشورة لا تتجاوز 2 كم من المسجد النبوي,فندق زها طيبة,Existing verified English name
فندق فالي المدينة,VALY Al Madinah Hotel,,,المدينة المنورة,قرب المنطقة المركزية,خارج المنطقة المركزية / Outside Central Zone,قريب من المنطقة المركزية حتى 2 كم / Near Central up to 2 km,0.9,Booking.com,https://www.booking.com/district/sa/medina/madinahcentralarea.html,2026,يحتاج مراجعة / Needs Review,المسافة المنشورة لا تتجاوز 2 كم من المسجد النبوي,فندق فالي المدينة,Existing verified English name
فندق جايدن,Jayden Hotel,,,المدينة المنورة,قرب المنطقة المركزية,خارج المنطقة المركزية / Outside Central Zone,قريب من المنطقة المركزية حتى 2 كم / Near Central up to 2 km,0.9,Booking.com,https://www.booking.com/district/sa/medina/madinahcentralarea.html,2026,يحتاج مراجعة / Needs Review,المسافة المنشورة لا تتجاوز 2 كم من المسجد النبوي,فندق جايدن,Existing verified English name
فندق ديوان روز,Diwan Rose Hotel,,,المدينة المنورة,قرب المنطقة المركزية,خارج المنطقة المركزية / Outside Central Zone,قريب من المنطقة المركزية حتى 2 كم / Near Central up to 2 km,1.1,Booking.com,https://www.booking.com/landmark/sa/al-masjid-an-nabawi-omar-bin-khattab-gate.html,2026,يحتاج مراجعة / Needs Review,المسافة المنشورة لا تتجاوز 2 كم من المسجد النبوي,فندق ديوان روز,Existing verified English name
فندق إعمار المكتان,Emaar Al Mektan Hotel,,,المدينة المنورة,قرب المنطقة المركزية,خارج المنطقة المركزية / Outside Central Zone,قريب من المنطقة المركزية حتى 2 كم / Near Central up to 2 km,0.375,Booking.com,https://www.booking.com/landmark/sa/al-masjid-an-nabawi-king-saud-gate.html,2026,يحتاج مراجعة / Needs Review,المسافة المنشورة لا تتجاوز 2 كم من المسجد النبوي,فندق إعمار المكتان,Existing verified English name
فندق جوار المدينة,Jiwar Al Madina Hotel,,,المدينة المنورة,قرب المنطقة المركزية,خارج المنطقة المركزية / Outside Central Zone,قريب من المنطقة المركزية حتى 2 كم / Near Central up to 2 km,0.6,Booking.com,https://www.booking.com/region/sa/al-madinah.html,2026,يحتاج مراجعة / Needs Review,المسافة المنشورة لا تتجاوز 2 كم من المسجد النبوي,فندق جوار المدينة,Existing verified English name
فندق إنتركونتيننتال دار الهجرة,InterContinental Dar Al Hijra Madinah,,,المدينة المنورة,قرب المنطقة المركزية,خارج المنطقة المركزية / Outside Central Zone,قريب من المنطقة المركزية حتى 2 كم / Near Central up to 2 km,0.5,IHG,https://www.ihg.com/intercontinental/hotels/us/en/madinah/medhb/hoteldetail,2026,موثق من الموقع الرسمي للمنشأة / Official Property Source,المسافة المنشورة لا تتجاوز 2 كم من المسجد النبوي,فندق إنتركونتيننتال دار الهجرة,Existing verified English name
فندق كراون بلازا المدينة,Crowne Plaza Madinah,,,المدينة المنورة,قرب المنطقة المركزية,خارج المنطقة المركزية / Outside Central Zone,قريب من المنطقة المركزية حتى 2 كم / Near Central up to 2 km,0.3,IHG,https://www.ihg.com/crowneplaza/hotels/us/en/madinah/medin/hoteldetail,2026,موثق من الموقع الرسمي للمنشأة / Official Property Source,المسافة المنشورة لا تتجاوز 2 كم من المسجد النبوي,فندق كراون بلازا المدينة,Existing verified English name
فندق نوفوتيل المدينة,Novotel Madinah,,,المدينة المنورة,قرب المنطقة المركزية,خارج المنطقة المركزية / Outside Central Zone,قريب من المنطقة المركزية حتى 2 كم / Near Central up to 2 km,0.12,Accor,https://all.accor.com/hotel/B9H5/index.en.shtml,2026,موثق من الموقع الرسمي للمنشأة / Official Property Source,المسافة المنشورة لا تتجاوز 2 كم من المسجد النبوي,فندق نوفوتيل المدينة,Existing verified English name
فندق بولمان زمزم المدينة,Pullman Zamzam Madinah,,,المدينة المنورة,قرب المنطقة المركزية,خارج المنطقة المركزية / Outside Central Zone,قريب من المنطقة المركزية حتى 2 كم / Near Central up to 2 km,0.1,Accor,https://all.accor.com/hotel/9245/index.en.shtml,2026,موثق من الموقع الرسمي للمنشأة / Official Property Source,المسافة المنشورة لا تتجاوز 2 كم من المسجد النبوي,فندق بولمان زمزم المدينة,Existing verified English name
فندق سوفيتيل شهد المدينة,Sofitel Shahd Al Madinah,,,المدينة المنورة,قرب المنطقة المركزية,خارج المنطقة المركزية / Outside Central Zone,قريب من المنطقة المركزية حتى 2 كم / Near Central up to 2 km,0.35,Accor,https://all.accor.com/hotel/B9X5/index.en.shtml,2026,موثق من الموقع الرسمي للمنشأة / Official Property Source,المسافة المنشورة لا تتجاوز 2 كم من المسجد النبوي,فندق سوفيتيل شهد المدينة,Existing verified English name
فندق أنوار المدينة موفنبيك,Anwar Al Madinah Mövenpick,,,المدينة المنورة,قرب المنطقة المركزية,خارج المنطقة المركزية / Outside Central Zone,قريب من المنطقة المركزية حتى 2 كم / Near Central up to 2 km,0.15,Accor,https://all.accor.com/hotel/B4M6/index.en.shtml,2026,موثق من الموقع الرسمي للمنشأة / Official Property Source,المسافة المنشورة لا تتجاوز 2 كم من المسجد النبوي,فندق أنوار المدينة موفنبيك,Existing verified English name
